district_name,county,enrollment,website_url,last_settlement_year
A-C Central CUSD 262,,250,http://www.a-ccentral.com,2025-26
Addison SD 4,,4499,http://www.asd4.org,2025-26
Akin CCSD 91,,250,http://www.akin91.com,2025-26
AlWood CUSD 225,,250,http://www.alwood.net,2025-26
Albers SD 63,,250,http://www.albersschool.dyndns.org,2025-26
Alden Hebron SD 19,,250,http://www.alden-hebron.org,2025-26
Allen-Otter Creek CCSD 65,,250,http://ransomgradeschool.net,2025-26
Allendale CCSD 17,,250,https://www.allendaleschool.net,2025-26
Altamont CUSD 10,,749,https://www.altamontschools.org,2025-26
Alton CUSD 11,,4499,http://altonschools.org,2025-26
Amboy CUSD 272,,749,http://www.amboy.net,2025-26
Anna CCSD 37,,749,http://www.anna37.com,2025-26
Annawan CUSD 226,,250,http://annawan226.org,2025-26
Aptakisic-Tripp CCSD 102,,1999,http://www.d102.org,2025-26
Arbor Park SD 145,,1999,http://arbor145.org,2025-26
Arcola CUSD 306,,749,http://www.arcola.k12.il.us,2025-26
Argenta-Oreana CUSD 1,,749,http://www.argenta-oreana.org,2025-26
Argo CHSD 217,,1999,http://www.argohs.net,2025-26
Arlington Heights SD 25,,4499,http://www.sd25.org,2025-26
Armstrong Twp HSD 225,,250,http://armstrong.k12.il.us,2025-26
Arthur CUSD 305,,749,http://www.cusd305.org,2025-26
Ashley CCSD 15,,250,http://www.ashleyccsd15.org,2025-26
Ashton-Franklin Center CUSD 275,,250,http://www.afcschools.net,2025-26
Astoria CUSD 1,,250,http://www.acusd1.org,2024-25
Atwood Heights SD 125,,749,http://www.ahsd125.org,2025-26
Aurora West USD 129,,8999,http://www.sd129.org,2025-26
Aviston SD 21,,250,http://www.avistonk-8.org,2025-26
Avoca SD 37,,250,http://avoca37.org,2025-26
Ball Chatham CUSD 5,,4499,http://www.chathamschools.org,2025-26
Barrington CUSD 220,,8999,http://www.barrington220.org,2025-26
Bartelso SD 57,,250,http://www.bartelsobraves.com,2025-26
Beach Park CCSD 3,,1999,http://bpd3.org,2024-25
Beardstown CUSD 15,,1999,http://beardstown.com,2025-26
Beecher City CUSD 20,,250,http://www.beechercity.org,2025-26
Belle Valley SD 119,,749,http://www.bv119.org,2025-26
Belleville SD 118,,4499,http://belleville118.org,2025-26
Bellwood SD 88,,1999,http://www.sd88.org,2023-24
Bement CUSD 5,,250,http://www.bement.k12.il.us,2025-26
Benjamin SD 25,,749,http://www.bendist25.org,2025-26
Benton CCSD 47,,1999,http://www.benton47.org,2025-26
Benton Cons HSD 103,,749,http://www.bentonhighschool.org,2025-26
Berkeley SD 87,,1999,http://www.berkeley87.org,2021-22
Berwyn North SD 98,,1999,http://www.bn98.org,2025-26
Bethalto CUSD 8,,1999,http://www.bethalto.org,2025-26
Bethel SD 82,,250,https://www.bethelschool.net,2025-26
Big Hollow SD 38,,1999,http://www.bighollow.us,2025-26
Bismarck Henning CUSD,,749,http://www.bismarck.k12.il.us,2025-26
Bloomingdale SD 13,,1999,http://www.sd13.org,2025-26
Bloomington SD 87,,4499,http://www.district87.org,2025-26
Blue Ridge CUSD 18,,749,http://www.blueridge18.org,2025-26
Bourbonnais SD 53,,1999,http://www.besd53.org,2025-26
Braceville SD 75,,250,http://bes75.us,2025-26
Bradford CUSD 1,,250,http://www.bradfordschool.net,2023-24
Bradley Bourbonnais CHSD 307,,1999,http://www.bbchs.org,2025-26
Breese ESD 12,,749,http://d12bobcats.org,2025-26
Brimfield CUSD 309,,749,http://www.brimfield309.com,2025-26
Brooklyn UD 188,,250,http://lovejoyschool.org,2025-26
Brookwood SD 167,,1999,http://www.brookwood167.org,2025-26
Brown County CUSD 1,,749,http://www.bchornets.com,2025-26
Brownstown CUSD 201,,250,http://www.bcusd201.com,2025-26
Brussels CUSD 42,,250,http://www.brussels42.net,2025-26
Bunker Hill CUSD 8,,749,http://www.bhcusd.org,2025-26
Burbank SD 111,,250,http://www.bsd111.org,2025-26
Bureau Valley CUSD 340,,749,http://www.bv340.com,2025-26
Burnham SD 154-5,,250,http://www.d1545.org,2024-25
Bushnell Prairie City CUSD 170,,749,http://bpcschools.org,2025-26
Butler SD 53,,250,http://www.butler53.com,2018-19
Byron CUSD 226,,1999,http://byron226.org,2025-26
CCSD 146,,1999,http://www.district146.org,2025-26
CCSD 168,,1999,http://www.d168.org,2025-26
CCSD 180,,250,http://www.ccsd180.org,2025-26
CCSD 204,,250,http://www.ccsd204.org,2025-26
CCSD 62,,4499,http://www.d62.org,2025-26
CCSD 93,,749,http://www.ccsd93.com/pages/CCSD93,2025-26
CHSD 117,,1999,http://www.chsd117.org,2025-26
CHSD 128,,4499,http://www.d128.org,2025-26
CHSD 218,,4499,http://chsd218.org,2025-26
CHSD 99,,4499,http://www.csd99.org,2025-26
CUSD 200,,,http://www.cusd200.org,2025-26
CUSD 201,,1999,http://www.cusd201.org,2025-26
CUSD 300,,,http://www.d300.org,2025-26
CUSD 308,,,http://www.sd308.org,2025-26
CUSD 4,,749,http://www.cusd4.com,2025-26
Cahokia CUSD 187,,4499,http://www.cusd187.org,2025-26
Cairo USD 1,,250,http://www.cairoschooldistrict1.com,2024-25
Calhoun CUSD 40,,250,http://www.calhoun.k12.il.us,2025-26
Calumet Public SD 132,,749,http://www.sd132.org,2025-26
Cambridge CUSD 227,,250,http://www.district227.org,2025-26
Carbon Cliff-Barstow SD 36,,250,http://www.ccb36.com,2025-26
Carbondale CHSD 165,,1999,http://www.cchs165.jacksn.k12.il.us,2025-26
Carbondale ESD 95,,1999,http://www.ces95.org,2025-26
Carlinville CUSD 1,,1999,http://www.cusd1.com,2025-26
Carlyle CUSD 1,,749,http://www.carlyle1.org,2025-26
Carmi-White County CUSD 5,,1999,http://www.carmischools.org,2025-26
Carrier Mills-Stonefort CUSD 2,,250,http://www.cmsfcats.org,2025-26
Carrollton CUSD 1,,250,http://www.c-hawks.net,2025-26
Carterville CUSD 5,,1999,http://www.cartervillelions.com,2025-26
Carthage ESD 317,,250,http://www.cesd317.org,2024-25
Cary CCSD 26,,1999,http://www.cary26.org,2025-26
Center Cass SD 66,,1999,http://www.ccsd66.org,2025-26
Central A & M CUD 21,,749,http://www.camraiders.com,2025-26
Central CHSD 71,,749,http://www.centralcougars.org,2025-26
Central CUSD 3,,749,http://www.cusd3.com,2025-26
Central CUSD 301,,4499,http://www.central301.net,2025-26
Central CUSD 4,,749,http://www.cusd4.org,2025-26
Central City SD 133,,250,http://www.ccs133.com,2021-22
Central SD 104,,749,http://central104.org,2025-26
Central SD 51,,1999,http://www.central51.net,2025-26
Central Stickney SD 110,,250,http://www.sahs.k12.il.us,2025-26
Centralia SD 135,,1999,http://www.ccs135.com,2025-26
Century CUSD 100,,250,http://www.centuryschool100.com,2025-26
Cerro Gordo CUSD 100,,250,http://www.cgbroncos.org,2025-26
Chadwick-Milledgeville CUSD 399,,250,http://www.dist399.net,2022-23
Champaign CUSD 4,,8999,http://champaignschools.org,2025-26
Channahon SD 17,,1999,http://www.csd17.org,2025-26
Charleston CUSD 1,,1999,http://charleston.k12.il.us,2025-26
Chester CUSD 139,,749,http://www.chester139.com,2025-26
Chester-East Lincoln CCSD 61,,250,https://www.cel61.com,2025-26
Chicago Heights SD 170,,1999,https://www.sd170.com,2025-26
Chicago Public Schools Dist 299,,,http://www.cps.k12.il.us,2025-26
Chicago Ridge SD 127-5,,1999,http://www.crsd1275.org,2025-26
Cicero SD 99,,8999,http://www.cicd99.edu,2025-26
Cissna Park CUSD 6,,250,http://www.cpschool.org,2025-26
Clay City CUSD 10,,250,http://claycityschools.org,2025-26
Clinton CUSD 15,,1999,http://www.cusd15.org,2025-26
Coal City CUSD 1,,1999,http://www.coalcity.k12.il.us,2022-23
Cobden SUD 17,,250,http://www.cobdenappleknockers.com,2023-24
Collinsville CUSD 10,,4499,http://www.kahoks.org,2025-26
Colona SD 190,,250,http://www.csd190.org,2024-25
Columbia CUSD 4,,1999,http://www.columbia4.org,2021-22
Comm Cons SD 59,,4499,http://www.ccsd59.org,2025-26
Comm Unit School District No 196,,749,http://www.dupo196.org,2025-26
Cons HSD 230,,8999,http://www.d230.org,2025-26
Cornell CCSD 426,,250,http://cornellgradeschool.org,2025-26
Coulterville USD 1,,250,http://www.cvillecusd1.com,2023-24
County of Union Sch Dist No43,,250,http://www.jonesboro43.com,2024-25
County of Winnebago SD 320,,749,http://www.sb320.org,2025-26
County of Woodford School,,749,http://www.mths.us,2025-26
Crab Orchard CUSD 3,,749,http://www.cocusd3.org,2025-26
Crescent Iroquois CUSD 249,,250,http://www.ccgshawks.net,2025-26
Creston CCSD 161,,250,http://www.crestonschool.org,2023-24
Creve Coeur SD 76,,250,http://www.cc76.org,2025-26
Crystal Lake CCSD 47,,8999,http://www.d47.org,2025-26
Cumberland CUSD 77,,749,http://www.cumberland.k12.il.us,2025-26
Cypress SD 64,,250,http://cypressgradeschool.org,2025-26
Damiansville SD 62,,250,http://www.dville62.com,2024-25
Danville CCSD 118,,4499,http://www.danville118.org,2025-26
DeKalb CUSD 428,,8999,https://www.dist428.org,2025-26
DePue USD 103,,250,http://www.depueschools.org,2025-26
DeSoto Cons SD 86,,250,http://www.desoto86.org,2025-26
Deer Creek-Mackinaw CUSD 701,,749,http://www.deemack.org,2025-26
Deer Park CCSD 82,,250,http://www.deerpark.k12.il.us,2025-26
Deland-Weldon CUSD 57,,250,http://www.dwschools.org,2025-26
Diamond Lake SD 76,,749,http://www.dist76.org,2025-26
Dieterich CUSD 30,,749,http://www.dieterichschools.org,2025-26
District 50 Schools,,749,http://www.d50schools.com,2025-26
Dixon USD 170,,1999,http://www.dps170.org,2025-26
Dolton SD 149,,1999,http://www.schooldistrict149.org,2025-26
Donovan CUSD 3,,250,http://www.donovanschools.org,2025-26
Du Quoin CUSD 300,,1999,http://www.duquoinschools.org,2025-26
Durand CUSD 322,,749,http://www.durandbulldogs.com,2025-26
Dwight Common SD 232,,749,http://www.dwight.k12.il.us,2025-26
Dwight Twp HSD 230,,250,http://www.dwight.k12.il.us,2025-26
ESD 159,,1999,http://www.dist159.com,2025-26
Earlville CUSD 9,,250,http://www.earlvillecusd9.org,2025-26
East Alton SD 13,,749,http://www.easd13.org,2025-26
East Alton-Wood River CHSD 14,,250,http://www.eawr.org,2024-25
East Coloma - Nelson CESD 20,,250,http://ecolomanelson.net,2023-24
East Moline SD 37,,749,http://www.emsd37.org,2025-26
East Peoria CHSD 309,,749,http://www.ep309.org,2025-26
East Peoria SD 86,,1999,http://www.epd86.org,2025-26
East Prairie SD 73,,250,http://www.eps73.net,
East St Louis SD 189,,4499,http://estl189.com,2025-26
Eastland CUSD 308,,749,http://www.eastland308.com,2025-26
Edgar County CUD 6,,250,http://www.chrisman.k12.il.us,2025-26
Edinburg CUSD 4,,250,http://ecusd4.com,2025-26
Effingham CUSD 40,,1999,https://www.unit40.org,2023-24
Egyptian CUSD 5,,250,http://egyptianschool.com,2025-26
El Paso-Gridley CUSD 11,,1999,http://www.unit11.org,2025-26
Eldorado CUSD 4,,1999,http://www.eld4.org,2025-26
Elmhurst SD 205,,8999,http://www.elmhurst205.org,2025-26
Elmwood CUSD 322,,749,http://www.elmwood322.com,2025-26
Elmwood Park CUSD 401,,1999,http://www.epcusd401.org,2025-26
Elwood CCSD 203,,250,http://www.elwoodschool.com,2025-26
Emmons SD 33,,250,http://www.emmons33.org,2025-26
Erie CUSD 1,,749,http://www.ecusd.info,2025-26
Eswood CCSD 269,,250,http://www.leeogle.org,2025-26
Eureka CUD 140,,1999,http://www.district140.org,2025-26
Evanston CCSD 65,,8999,http://www.district65.net,2025-26
Evanston Twp HSD 202,,4499,http://www.eths.k12.il.us,2025-26
Fairfield Comm H S Dist 225,,250,http://www.fchsmules.com,2025-26
Fairfield PSD 112,,749,http://www.fairfieldcolts.com,2025-26
Fairmont SD 89,,250,http://fsd89.org,2025-26
Fairview SD 72,,749,http://www.fairview72.com,2025-26
Farmington Central CUSD 265,,1999,http://www.dist265.com,2025-26
Farrington CCSD 99,,250,https://www.farrington99.net,2025-26
Fenton CHSD 100,,1999,http://www.fenton100.org,2025-26
Field CCSD 3,,250,http://www.fieldpanthers.com,2025-26
Fieldcrest CUSD 6,,749,http://www.unit6.org,2025-26
Fisher CUSD 1,,749,http://district.fisherk12.com/district,2025-26
Flanagan-Cornell Dist 74,,250,http://www.fc74.org,2025-26
Flossmoor SD 161,,1999,http://www.sd161.org,2025-26
Forest Park SD 91,,749,http://www.fpsd91.org,2024-25
Forest Ridge SD 142,,1999,http://www.d142.org,2025-26
Forrestville Valley CUSD 221,,749,http://www.fvdistrict221.org,2025-26
Fox River Grove Cons SD 3,,250,http://www.dist3.org,2025-26
Frankfort CUSD 168,,1999,http://www.wfschools.org,2024-25
Franklin CUSD 1,,250,http://www.franklinhigh.com,2025-26
Franklin Park SD 84,,1999,http://www.d84.org,2025-26
Freeport SD 145,,4499,http://www.freeport.k12.il.us,2025-26
Galatia CUSD 1,,250,https://http:www.galatiak12.org,2025-26
Galena USD 120,,749,http://www.gusd120.k12.il.us,2025-26
Galesburg CUSD 205,,4499,http://www.galesburg205.org,2025-26
Gallatin CUSD 7,,749,http://www.roe20.k12.il.us,2023-24
Galva CUSD 224,,250,http://galva224.org,2024-25
Gavin SD 37,,749,http://www.gavin37.org,2025-26
Gen George Patton SD 133,,250,http://www.district133.org,2025-26
Geneseo CUSD 228,,1999,http://www.geneseoschools.org,2025-26
Genoa Kingston CUSD 424,,1999,http://www.gkschools.org,2025-26
Georgetown-Ridge Farm CUD 4,,749,http://www.grf.k12.il.us,2025-26
Germantown Hills SD 69,,749,http://www.ghills69.com,2025-26
Germantown SD 60,,250,http://www.ges60.org,2025-26
Giant City CCSD 130,,250,http://www.gcs130.org,2025-26
Gibson City-Melvin-Sibley CUSD 5,,749,http://www.gcmsk12.org,2025-26
Gifford CCSD 188,,250,http://www.gifford.k12.il.us,2025-26
Gillespie CUSD 7,,1999,http://www.gcusd7.org,2025-26
Glenbrook HSD 225,,4499,http://www.glenbrook225.org,2025-26
Glencoe SD 35,,1999,http://www.glencoeschools.org,2025-26
Golf ESD 67,,749,http://www.golf67.net,2025-26
Goreville CUD 1,,749,http://www.gorevilleschools.com,2023-24
Gower SD 62,,749,http://www.gower62.com,2025-26
Grand Ridge CCSD 95,,250,http://www.grgs95.org,2025-26
Grant CCSD 110,,749,http://www.dist110.com,2025-26
Grant CHSD 124,,1999,http://www.grantbulldogs.org,2025-26
Grant Park CUSD 6,,250,http://www.grantparkdragons.org,2025-26
Grass Lake SD 36,,250,http://www.gls36.org,2025-26
Grayslake CCSD 46,,4499,http://www.d46.org,2025-26
Grayslake CHSD 127,,1999,http://www.d127.org,2025-26
Grayville CUSD 1,,250,http://www.gcusd.com,2025-26
Greenfield CUSD 10,,250,http://www.greenfieldschools.org,2025-26
Greenview CUSD 200,,250,http://www.greenviewschools.org,2017-18
Griggsville-Perry CUSD 4,,250,http://www.griggsvilleperry.org,2025-26
Gurnee SD 56,,1999,http://www.d56.org,2025-26
Hall HSD 502,,250,https://www.hallhighschool502.com,2025-26
Hamilton CCSD 328,,749,http://www.hhs328.com,2025-26
Hamilton Co CUSD 10,,1999,http://www.unit10.com,2025-26
Hampton SD 29,,250,http://www.hampton29.com,2025-26
Hardin County CUSD 1,,250,http://www.hardin.k12.il.us,2025-26
Harlem UD 122,,8999,http://www.harlem122.org,2025-26
Harmony Emge SD 175,,749,http://www.harmony175.org,2025-26
Harrisburg CUSD 3,,1999,http://www.hbg.saline.k12.il.us,2025-26
Harrison SD 36,,250,http://www.hsd36.org,2025-26
Hartsburg Emden CUSD 21,,250,http://logan.k12.il.us/hartem,2025-26
Harvard CUSD 50,,1999,http://www.cusd50.org,2025-26
Harvey SD 152,,1999,http://www.harvey152.org,2025-26
Havana CUSD 126,,749,http://www.havana126.net,2025-26
Henry-Senachwine CUSD 5,,749,http://www.hscusd5.org,2025-26
Heritage CUSD 8,,250,http://www.heritage8.org,2023-24
Herrin CUSD 4,,1999,http://www.herrinschools.org,2025-26
Herscher CUSD 2,,1999,http://www.hcusd2.org,
Heyworth CUSD 4,,749,http://www.husd4.org,2025-26
Hiawatha CUSD 426,,749,http://www.hiawatha426..org,2025-26
High Mount SD 116,,250,http://www.highmountschool.com,2025-26
Highland CUSD 5,,1999,http://www.highlandcusd5.org,2025-26
Hillsboro CUSD 3,,1999,http://www.hillsboroschools.net,2025-26
Hillside SD 93,,250,http://www.hillside93.org,2025-26
Hinckley Big Rock CUSD 429,,749,https://www.hbr429.org,2022-23
Hinsdale Twp HSD 86,,4499,http://d86.hinsdale86.org,2025-26
Hollis Cons SD 328,,250,http://www.hollis328.net,2025-26
Hoopeston Area CUSD 11,,1999,http://www.hoopeston.k12.il.us,2025-26
Hoover-Schrum Memorial SD 157,,749,http://www.hsdist157.org,2024-25
Huntley Comm Sch Dist 158,,8999,http://huntley158.org,2025-26
Hutsonville CUSD 1,,250,http://www.hutsonvilletigers.net,2024-25
Il Valley Central USD 321,,1999,http://www.ivcschools.com,2025-26
Illini Bluffs CUSD 327,,749,http://www.illinibluffs.com,2025-26
Illini Central CUSD 189,,749,http://www.illinicentral.org,2025-26
Illini West H S Dist 307,,250,http://www.illiniwest.org,2025-26
Indian Prairie CUSD 204,,,http://www.ipsd.org,2025-26
Indian Springs SD 109,,1999,http://www.isd109.org,2025-26
Iroquois County CUSD 9,,749,http://www.watsekaschools.org,2025-26
Iroquois West CUSD 10,,749,http://www.iwest.k12.il.us,2025-26
Irvington CCSD 11,,250,http://irvingtongradeschool.com,2025-26
Itasca SD 10,,749,http://www.itasca10.org,2025-26
Iuka CCSD 7,,250,http://www.iukaschool.com,2025-26
J S Morton HSD 201,,8999,http://www.morton201.org,2025-26
Jasper CCSD 17,,250,http://www.jasperpolecats.com,2025-26
Jasper County CUD 1,,1999,http://www.jaspercountyschools.net,2025-26
Jersey CUSD 100,,1999,http://www.jersey100.org,2025-26
Johnsburg CUSD 12,,1999,http://www.johnsburg12.org,2025-26
Johnston City CUSD 1,,1999,http://www.jcindians.org,2025-26
Joliet PSD 86,,8999,http://www.joliet86.org,2025-26
Joppa-Maple Grove UD 38,,250,http://www.joppa38.com,2025-26
Kankakee SD 111,,4499,http://www.kankakeeschooldistrict.org,2025-26
Kansas CUSD 3,,250,http://www.kansas.k12.il.us,2025-26
Kenilworth SD 38,,250,http://www.kenilworth38.org,2025-26
Kewanee CUSD 229,,1999,http://kcud229.org,2025-26
Kinnikinnick CCSD 131,,1999,http://www.kinn131.org,2025-26
Kirby SD 140,,4499,http://ksd140.org,2025-26
Knoxville CUSD 202,,749,https://bluebullets.org,2025-26
Komarek SD 94,,749,http://www.komarekschool.org,2025-26
La Grange SD 102,,4499,http://www.dist102.k12.il.us,2025-26
La Grange SD 105 South,,1999,http://d105.net,2025-26
La Harpe CSD 347,,250,http://www.laharpeeagles.org,2025-26
La Moille CUSD 303,,250,https://home.lamoilleschools.org,2025-26
La Salle ESD 122,,749,http://www.lasalleschools.net,2025-26
La Salle-Peru Twp HSD 120,,1999,http://www.lphs.net,2025-26
LaGrange Highlands SD 106,,749,http://www.district106.net,2025-26
Ladd CCSD 94,,250,http://www.laddccsd94.com,2025-26
Lake Bluff ESD 65,,749,http://www.lb65.org,2025-26
Lake Forest CHSD 115,,1999,http://lfhs.org,2025-26
Lake Park CHSD 108,,1999,https://www.lphs.org,2025-26
Lake Villa CCSD 41,,1999,https://www.district41.org,2025-26
Lake Zurich CUSD 95,,4499,http://www.lz95.org,2025-26
Lansing SD 158,,1999,http://www.d158.net,2025-26
Lawrence County CUD 20,,1999,http://www.cusd20.com,2023-24
LeRoy CUSD 2,,749,http://www.leroyk12.org,2025-26
Lebanon CUSD 9,,749,http://lcusd9.org,2025-26
Leland CUSD 1,,250,http://www.leland1.org,2025-26
Lemont Twp HSD 210,,1999,http://www.lhs210.net,2025-26
Lena Winslow CUSD 202,,749,http://www.le-win.net,2025-26
Lexington CUSD 7,,749,http://www.lexington.k12.il.us,2025-26
Leyden CHSD 212,,4499,http://www.leyden212.org,2025-26
Liberty CUSD 2,,749,http://www.libertyschool.net,2025-26
Lick Creek CCSD 16,,250,https://lickcreekccsd.schoolinsites.com,2025-26
Limestone CHSD 310,,749,http://www.limestone310.org,2025-26
Limestone Walters CCSD 316,,250,http://www.limestonewalters.com,2025-26
Lincoln CHSD 404,,250,http://www.lchs.k12.il.us,2025-26
Lincoln ESD 156,,749,http://l156.org,2025-26
Lincoln ESD 27,,1999,http://www.lincoln27.com,2025-26
Lincoln Way CHSD 210,,8999,http://www.lw210.org,2025-26
Lincolnshire-Prairieview SD 103,,1999,http://www.d103.org,2025-26
Lindop SD 92,,250,http://lindop92.net,2024-25
Lisle CUSD 202,,1999,http://lisle202.org,2025-26
Litchfield CUSD 12,,1999,http://www.litchfieldpanthers.org,2025-26
Lockport Twp HSD 205,,4499,http://www.lths.org,2025-26
Lombard SD 44,,1999,http://www.sd44.org,2025-26
Lowpoint-Washburn CUSD 21,,250,http://washburn.k12.il.us,2021-22
Ludlow CCSD 142,,250,http://www.roe9.k12.il.us,2025-26
Lyons SD 103,,1999,http://www.lyons103.org,2024-25
Macomb CUSD 185,,1999,http://www.macomb185.org,2025-26
Madison CUSD 12,,749,http://www.madisoncusd12.org,2025-26
Maercker SD 60,,1999,http://www.maercker.org,2025-26
Mahomet-Seymour CUSD 3,,4499,http://www.mahometseymour.org,2025-26
Malden CCSD 84,,250,http://maldengradeschool.org/administration/index.htm,2025-26
Manhattan SD 114,,1999,http://www.manhattan114.org,2025-26
Mannheim SD 83,,1999,http://www.d83.org,2025-26
Manteno CUSD 5,,1999,http://www.manteno5.org,2025-26
Marengo-Union E Cons D 165,,1999,http://marengo165.org,2025-26
Marissa CUSD 40,,250,http://www.marissa40.org,2025-26
Maroa Forsyth CUSD 2,,1999,http://www.mfschools.net,2025-26
Marseilles ESD 150,,749,http://mes150.org,2025-26
Mascoutah CUD 19,,4499,http://msd19.org,2025-26
Massac UD 1,,1999,http://massac.org,2025-26
Mattoon CUSD 2,,4499,http://www.mattoon.k12.il.us,2025-26
Maywood-Melrose Park-Broadview 89,,4499,http://www.maywood89.org,2022-23
McClellan CCSD 12,,250,https://sites.google.com/site/mcclellanccschool/home,2025-26
McHenry CCSD 15,,4499,http://www.d15.org,2025-26
McHenry CHSD 156,,1999,http://www.dist156.org,2025-26
Medinah SD 11,,749,http://www.medinah11.org,2025-26
Mendota CCSD 289,,749,http://www.m289.org,2024-25
Meredosia-Chambersburg CUSD 11,,250,http://www.mcsd11.net,2024-25
Meridian CUSD 101,,250,http://www.meridian101.com,2023-24
Meridian CUSD 15,,749,http://www.meridianhawks.net,2025-26
Meridian CUSD 223,,1999,http://www.meridian223.org,2025-26
Metamora CCSD 1,,749,http://mgsredbirds.org,2025-26
Midland CUSD 7,,749,http://www.midland-7.net,2025-26
Midlothian SD 143,,1999,http://www.msd143.com,2025-26
Midwest Central CUSD 191,,749,http://www.midwestcentral.org,2025-26
Milford Area PSD 124,,749,https://maps124.org,2025-26
Millburn CCSD 24,,1999,http://www.millburn24.net,2025-26
Miller Twp CCSD 210,,250,http://www.miltonpope.net,2025-26
Millstadt CCSD 160,,749,http://www.mccsd160.com,2025-26
Minooka CHSD 111,,1999,http://www.mchs.net,2025-26
Mokena SD 159,,1999,http://www.mokena159.org,2025-26
Moline-Coal Valley CUSD 40,,8999,http://www.molineschools.org,2025-26
Momence CUSD 1,,749,https://www.mcusd1.net,2025-26
Monmouth-Roseville CUSD 238,,1999,http://www.mr238.org,2025-26
Monroe SD 70,,250,http://www.monroe70.org,2025-26
Monticello CUSD 25,,1999,http://www.sages.us,2025-26
Montmorency CCSD 145,,250,http://www.mgs145.net,2025-26
Morris CHSD 101,,749,http://morrishs.org,2025-26
Morris SD 54,,1999,http://dist54.mornet.org,2025-26
Morrison CUSD 6,,749,http://www.morrisonschools.org,2025-26
Morrisonville CUSD 1,,250,http://www.mohawks.net,2025-26
Morton CUSD 709,,4499,http://www.morton709.org,2025-26
Mount Olive CUSD 5,,250,http://mtoliveschools.org,2025-26
Mount Prospect SD 57,,1999,http://www.d57.org,2025-26
Mount Vernon SD 80,,1999,http://www.mtv80.org,2025-26
Mt Pulaski CUSD 23,,749,http://www.mtpulaski.k12.il.us,2025-26
Mt Vernon Twp HSD 201,,1999,http://www.mvths.org,2024-25
Mt Zion CUSD 3,,1999,http://www.mtzschools.org,2025-26
Mulberry Grove CUSD 1,,250,http://www.mgschools.com,2024-25
Mundelein Cons HSD 120,,1999,http://www.d120.org,2025-26
Mundelein ESD 75,,1999,http://www.district75.org,2025-26
Murphysboro CUSD 186,,1999,http://www.cusd186.org,2025-26
Naperville CUSD 203,,,http://www.naperville203.org,2025-26
Nashville CCSD 49,,749,http://www.nashville49.org,2025-26
Nauvoo-Colusa CUSD 325,,250,http://www.nauvoo-colusa.com,2025-26
New Berlin CUSD 16,,749,http://www.pretzelpride.com,2025-26
New Holland-Middletown ED 88,,250,http://www.nhm88.com,2024-25
New Hope CCSD 6,,250,http://www.newhopepanthers.com,2025-26
New Lenox SD 122,,4499,http://www.nlsd122.org,2025-26
New Trier Twp HSD 203,,4499,https://www.newtrier.k12.il.us,2025-26
Newark CCSD 66,,250,http://www.ngsd66.org,2025-26
Newark CHSD 18,,250,http://www.newarkhs.k12.il.us,2025-26
Niles ESD 71,,749,http://www.niles71.org,2025-26
Niles Twp HSD 219,,4499,http://www.niles219.org,2025-26
Nippersink SD 2,,1999,http://www.nippersinkdistrict2.org,2025-26
Nokomis CUSD 22,,749,http://www.nokomis.k12.il.us,2025-26
Norridge SD 80,,1999,http://www.norridge80.org,2025-26
Norris City-Omaha-Enfield CUSD 3,,749,http://www.ncoehs.white.k12.il.us,2025-26
North Boone CUSD 200,,1999,http://www.nbcusd.org,2025-26
North Chicago SD 187,,4499,http://www.d187.org,2024-25
North Clay CUSD 25,,749,http://www.northclayschools.com,2025-26
North Greene CUSD 3,,250,http://www.northgreene.com,2025-26
North Palos SD 117,,4499,http://www.npd117.net,2025-26
North Wamac SD 186,,250,http://northwamac.com,2025-26
North Wayne CUSD 200,,250,http://www.roe20.12.il.us,2025-26
Northbrook ESD 27,,1999,http://www.nb27.org,2025-26
Northbrook SD 28,,1999,http://www.northbrook28.net,2025-26
Norwood ESD 63,,250,http://www.norwood63.org,2025-26
O Fallon CCSD 90,,4499,http://www.of90.net,2025-26
Oak Grove SD 68  Bartonville,,250,https://www.og68.org,2025-26
Oak Grove SD 68 Green Oaks,,749,http://www.ogschool.org,2025-26
Oak Lawn CHSD 229,,1999,http://www.olchs.org,2025-26
Oak Lawn-Hometown SD 123,,4499,http://www.d123.org,2025-26
Oak Park - River Forest SD 200,,4499,http://www.oprfhs.org,2025-26
Oakdale CCSD 1,,250,http://www.oakdalegs.org,2024-25
Oakland CUSD 5,,250,http://www.oak.k12.il.us,2025-26
Oakwood CUSD 76,,749,http://www.oakwood76.org,2025-26
Oblong CUSD 4,,749,http://www.oblongschools.net,2019-20
Odell CCSD 435,,250,http://www.odellschool.com,2025-26
Odin PSD 722,,250,http://www.odinpublicschools.org,2025-26
Oglesby ESD 125,,250,http://www.ops125.net,2025-26
Ohio CCSD 17,,250,http://ohiocommunityschooldistricts.com,2025-26
Ohio CHSD 505,,250,http://ohiocommunityschooldistricts.com,2025-26
Okaw Valley CUSD 302,,250,http://www.okawvalley.org,2023-24
Olympia CUSD 16,,1999,http://www.olympia.org,2025-26
Opdyke-Belle-Rive CCSD 5,,250,http://www.obr5.org,2025-26
Orangeville CUSD 203,,250,http://www.orangevillecusd.com,2025-26
Oregon CUSD 220,,1999,http://www.ocusd.net,2025-26
Orion CUSD 223,,749,http://www.orionschools.us,2025-26
Orland SD 135,,4499,http://www.orland135.org,2025-26
Ottawa ESD 141,,1999,http://www.oes141.org,2025-26
Ottawa Twp HSD 140,,1999,http://www.ottawahigh.com,2025-26
Palatine CCSD 15,,8999,http://www.ccsd15.net,2025-26
Palos CCSD 118,,1999,http://www.palos118.org,2025-26
Palos Heights SD 128,,749,http://www.palos128.org,2025-26
Pana CUSD 8,,1999,http://www.panaschools.com,2025-26
Paris CUSD 4,,250,http://www.crestwood.k12.il.us,2025-26
Paris-Union SD 95,,749,http://www.paris95.k12.il.us,2024-25
Patoka CUSD 100,,250,http://www.patokaschool.com,2025-26
Paw Paw CUSD 271,,250,http://2paws.net,2025-26
Paxton-Buckley-Loda CUD 10,,1999,http://pblunit10.com,2025-26
Payson CUSD 1,,749,http://www.cusd1.org,2025-26
Pekin CSD 303,,1999,http://www.pekinhigh.net,2025-26
Pekin PSD 108,,4499,https://www.pekin.net,2025-26
Pembroke CCSD 259,,250,http://psd259.org,2025-26
Pennoyer SD 79,,250,http://www.pennoyerschool.org,2025-26
Peoria Heights CUSD 325,,749,http://www.ph325.org,2025-26
Peoria SD 150,,,http://www.psd150.org,2025-26
Pikeland CUSD 10,,1999,http://www.pikeland.org,2025-26
Pinckneyville CHSD 101,,250,http://www.pchspanthers.com,2025-26
Pinckneyville SD 50,,250,http://www.jrpanther.com,2025-26
Plainfield SD 202,,,http://psd202.org,2025-26
Plano CUSD 88,,1999,http://www.plano88.org,2025-26
Pleasant Hill CUSD 3,,250,http://www.phwolves.com,2025-26
Pleasant Hill SD 69,,250,http://www.phill69.com,2025-26
Pleasant Plains CUSD 8,,1999,http://www.ppcusd8.org,2025-26
Pleasant Valley SD 62,,250,http://www.pv62.com,2025-26
Pleasantdale SD 107,,749,http://www.d107.org,2025-26
Polo CUSD 222,,749,http://www.poloschools.net,2025-26
Pontiac CCSD 429,,1999,http://www.pontiac429.org,2022-23
Pontiac Twp HSD 90,,749,http://www.pontiac90.org,2025-26
Pontiac-W Holliday SD 105,,749,http://www.pwh105.org,2025-26
Pope Co CUD 1,,250,http://www.popek12.org,2025-26
Porta CUSD 202,,1999,http://www.porta202.org,2025-26
Posen-Robbins ESD 143-5,,1999,http://www.prsd1435.org,2025-26
Potomac CUSD 10,,250,http://www.pgscardinals.org,2025-26
Prairie Grove CSD 46,,749,http://www.dist46.org,2025-26
Prairie Hill CCSD 133,,749,http://prairiehill.org,2023-24
Prairieview-Ogden CCSD 197,,250,http://www.pvo.k12.il.us,2025-26
Princeton ESD 115,,1999,http://www.princeton115schools.org,2025-26
Princeton HSD 500,,250,http://www.phs-il.org,2025-26
Princeville CUSD 326,,749,http://www.princeville326.org,2025-26
Prophetstown-Lyndon-Tampico CUSD3,,749,http://www.plt3.org,2025-26
Prospect Heights SD 23,,1999,http://www.d23.org,2025-26
Proviso Twp HSD 209,,4499,http://www.pths209.org,2020-21
Queen Bee SD 16,,1999,http://www.queenbee16.org,2025-26
Quincy SD 172,,8999,http://www.qps.org,2025-26
R O W V A CUSD 208,,749,http://www.rowva.k12.il.us,2025-26
Raccoon Cons SD 1,,250,http://www.raccoonschool.org,2025-26
Ramsey CUSD 204,,250,http://www.ramsey.fayette.k12.il.us,2025-26
Rankin CSD 98,,250,http://rankin98.org,2025-26
Reavis Twp HSD 220,,1999,http://www.reavisd220.org,2025-26
Red Bud CUSD 132,,749,http://www.redbud132.org,2025-26
Red Hill CUSD 10,,749,http://cusd10.org,2025-26
Rhodes SD 84-5,,749,http://www.rhodes.k12.il.us,2025-26
Rich Twp HSD 227,,1999,http://www.rich227.org,2025-26
Richland County CUSD 1,,1999,http://rccu1.net,2025-26
Richmond-Burton CHSD 157,,749,http://www.rbchs.com,2025-26
Ridgeland SD 122,,1999,http://www.ridgeland122.com,2025-26
Ridgeview CUSD 19,,749,http://www.ridgeview19.org,2025-26
Ridgewood CHSD 234,,749,http://www.d234.org,2025-26
Riley CCSD 18,,250,http://riley18.org,2025-26
River Grove SD 85-5,,749,http://www.rivergroveschool.org,2025-26
River Ridge CUSD 210,,250,http://riverridge210.org,2025-26
Riverdale CUSD 100,,1999,http://www.riverdaleschools.org,2025-26
Riverside SD 96,,1999,http://www.district96.org,2025-26
Riverside-Brookfield Twp SD 208,,1999,http://rbhs208.net,2024-25
Riverton CUSD 14,,1999,http://www.rivertonschools.org,2025-26
Riverview CCSD 2,,250,http://www.rgsting.org,2025-26
Roanoke Benson CUSD 60,,250,http://www.rb60.com,
Robein SD 85,,250,http://www.robein.org,2025-26
Robinson CUSD 2,,1999,http://www.robinsonschools.com,2025-26
Rochelle CCSD 231,,1999,http://www.d231.rochelle.net,2025-26
Rochelle Twp HSD 212,,749,http://www.rthsd212.org,2025-26
Rock Falls ESD 13,,749,http://www.rfsd13.org,2025-26
Rock Island SD 41,,8999,http://rimsd41.org,2024-25
Rockdale SD 84,,250,http://www.rockdale84.org,2025-26
Rockford SD 205,,,http://www.rps205.com,2024-25
Rockridge CUSD 300,,1999,http://www.rr300.org,2025-26
Rockton SD 140,,1999,http://www.rockton140.org,2025-26
Rome CCSD 2,,250,http://www.rome2.net,2025-26
Rondout SD 72,,250,http://www.rondout.org,2025-26
Roselle SD 12,,749,https://www.sd12.org,2025-26
Rossville-Alvin CUSD 7,,250,http://rossville.k12.il.us,2025-26
Roxana CUSD 1,,1999,http://www.rcusd.org,2025-26
Salem SD 111,,749,http://www.salem111.com,2025-26
Salt Creek SD 48,,749,http://www.saltcreek48.org,2025-26
Sandoval CUSD 501,,250,http://sandoval501.org,2025-26
Sandridge SD 172,,250,http://www.d172.s-cook.k12.il.us,2025-26
Sandwich CUSD 430,,1999,http://www.sandwich430.org,2024-25
Saunemin CCSD 438,,250,http://www.saunemin.org,2025-26
Schaumburg CCSD 54,,,http://www.sd54.org,2025-26
Schuyler-Industry CUSD 5,,749,http://www.sid5.com,2025-26
Scott-Morgan CUSD 2,,250,http://www.bluffs-school.com,2025-26
Selmaville CCSD 10,,250,http://www.selmaville.com,2025-26
Seneca CCSD 170,,250,http://www.sgs170.org,2025-26
Seneca Twp HSD 160,,250,http://www.senecahs.org,2025-26
Serena CUSD 2,,749,http://www.unit2.net,2025-26
Shawnee CUSD 84,,250,http://www.shawneedistrict84.com,2025-26
Sherrard CUSD 200,,1999,http://www.sherrard.us,2025-26
Shiloh CUSD 1,,250,http://www.shiloh1.org,2025-26
Shiloh Village SD 85,,749,http://www.shi85.org,2023-24
Shirland CCSD 134,,250,http://shirland134.org,2025-26
Signal Hill SD 181,,250,http://www.signalhill181.org,2025-26
Silvis SD 34,,749,http://www.silvisrockets.com,2025-26
Skokie SD 68,,1999,http://www.skokie68.org,2025-26
Skokie SD 69,,1999,http://www.sd69.org,2025-26
Skokie SD 73-5,,1999,http://www.sd735.org,2025-26
Smithton CCSD 130,,749,http://www.sccsd130.com,2025-26
Somonauk CUSD 432,,749,http://www.somonauk.net,2025-26
South Central CUD 401,,749,http://www.southcentralschools.org,2025-26
South Fork SD 14,,250,http://www.southforkschools.com,2025-26
South Holland SD 150,,749,http://www.sd150.org,2025-26
South Holland SD 151,,1999,http://www.shsd151.org,2022-23
South Pekin SD 137,,250,http://www.spgs.net,2025-26
South Wilmington CCSD 74,,250,http://roe.grundy.k12.il.us,2021-22
Spoon River Valley CUSD 4,,250,http://www.spoonrivervalley.us,2025-26
Spring Lake CCSD 606,,250,http://www.springlake606.org,2021-22
Springfield SD 186,,,http://www.sps186.org,2025-26
St Charles CUSD 303,,8999,http://www.d303.org,2025-26
St Elmo CUSD 202,,250,http://www.stelmo.org,2025-26
St George CCSD 258,,250,http://www.sg258.org,2025-26
St Joseph CCSD 169,,749,https://www.stjoe.k12.il.us,2025-26
St Joseph Ogden CHSD 305,,250,http://www.sjo.k12.il.us,2025-26
St Rose SD 14-15,,250,http://www.strosedistrict14-15.com,2025-26
Stark County CUSD 100,,749,http://www.stark100.com,2025-26
Staunton CUSD 6,,1999,http://www.stauntonschools.org,2025-26
Steeleville CUSD 138,,250,http://www.steeleville138.org,2025-26
Steger SD 194,,1999,http://www.sd194.org,2025-26
Sterling CUSD 5,,4499,http://www.sterlingpublicschools.org,2025-26
Stockton CUSD 206,,749,http://www.stocktonschools.com,2025-26
Streator Twp HSD 40,,749,http://streatorhs.org,2025-26
Sullivan CUSD 300,,1999,http://home.sullivan.k12.il.us,2025-26
Summersville SD 79,,250,http://www.summersville79.com,2024-25
Summit Hill SD 161,,1999,http://www.summithill.org,2025-26
Sunnybrook SD 171,,1999,http://www.sd171.org,2025-26
Sunset Ridge SD 29,,749,http://www.sunsetridge29.org,2025-26
Sycamore CUSD 427,,4499,http://syc427.org,2024-25
Taft SD 90,,250,http://www.taft90.org,2025-26
Tamaroa School Dist 5,,250,http://tgs5.com,2025-26
Taylorville CUSD 3,,1999,https://www.tcusd3.org,2025-26
Teutopolis CUSD 50,,1999,http://www.teutopolisschools.org,2025-26
Thomasboro CCSD 130,,250,http://www.thomasboro.k12.il.us,2025-26
Thompsonville CUSD 174,,250,http://www.tvilleschools.org,2025-26
Thornton Fractional Twp HSD 215,,1999,https://www.tfd215.org,2025-26
Thornton SD 154,,250,http://www.d154.org,2025-26
Thornton Twp HSD 205,,4499,http://www.district205.net,2025-26
Tolono CUSD 7,,1999,http://www.unitsevenschools.com,2025-26
Tonica CCSD 79,,250,http://www.tonicagradeschool.org,2025-26
Township HSD 211,,,https://adc.d211.org,2025-26
Township HSD 214,,8999,http://www.d214.org,2025-26
Tremont CUSD 702,,749,http://www.tremont702.net/home,2025-26
Tri Valley CUSD 3,,1999,http://www.tri-valley3.org,2025-26
Triad CUSD 2,,8999,https://www.tcusd2.org,2025-26
Trico CUSD 176,,749,http://www.edline.net/pages/trico_cusd_176,2025-26
Triopia CUSD 27,,250,http://www.triopiacusd27.org,2025-26
Tuscola CUSD 301,,749,http://www.cusd301.org,2025-26
Twp HSD 113,,4499,http://www.dist113.org,2025-26
Union Ridge SD 86,,749,http://www.urs86.org,2023-24
United CUSD 304,,250,http://www.u304.org,2025-26
United Twp HSD 30,,1999,http://uths.net,2025-26
Unity Point CCSD 140,,749,http://www.up140.org,2025-26
V I T CUSD 2,,250,http://www.vit2.org,2025-26
Vandalia CUSD 203,,1999,http://vandals203.org,2025-26
Venice CUSD 3,,250,http://www.venice.k12.il.us,2025-26
Vienna HSD 133,,250,http://www.viennahighschool.com,2025-26
Vienna SD 55,,250,http://www.viennagradeschool.com,2025-26
W Harvey-Dixmoor PSD 147,,749,http://www.whd147.org,2025-26
Wabash CUSD 348,,1999,http://www.wabash348.com,2025-26
Wallace CCSD 195,,250,http://www.wallacegs.org,2025-26
Waltham CCSD 185,,250,http://www.wesd185.org,2025-26
Waltonville CUSD 1,,250,https://www.wcusd1.org,2025-26
Warren CUSD 205,,250,http://205warren.net,2025-26
Warrensburg-Latham CUSD 11,,1999,http://wl.k12.il.us,2023-24
Warsaw CUSD 316,,250,http://warsawschool.com,2025-26
Washington CHSD 308,,1999,http://www.wacohi.net,2025-26
Washington SD 52,,749,http://www.d52schools.com,2025-26
Waterloo CUSD 5,,1999,http://www.wcusd5.net,2025-26
Wauconda CUSD 118,,4499,http://www.d118.org,2024-25
Waverly CUSD 6,,250,http://www.wsd6.org,2025-26
Wayne City CUSD 100,,250,http://www.waynecity100.org,2025-26
Wesclin CUSD 3,,1999,http://www.wesclin.org,2024-25
West Carroll CUSD 314,,749,http://www.wc314.org,2025-26
West Chicago ESD 33,,4499,http://wego33.org,2025-26
West Lincoln-Broadwell ESD 92,,250,http://www.wlb92.org,2025-26
West Prairie CUSD 103,,749,http://www.wp103.org,2025-26
West Washington Co CUD 10,,749,http://www.okawville-k12.org,2025-26
Westchester SD 92-5,,1999,http://www.sd925.org,2025-26
Western CUSD 12,,749,http://westerncusd12.org,2025-26
Westville CUSD 2,,1999,http://www.gowestville.org,2020-21
Wethersfield CUSD 230,,250,http://www.geese230.com,2025-26
Will County SD 92,,1999,http://www.d92.org,2025-26
Williamsfield CUSD 210,,250,http://billtown.org,2025-26
Williamsville CUSD 15,,1999,http://www.wcusd15.org,2025-26
Willow Grove SD 46,,250,http://www.willowgroveschool.com,2025-26
Willow Springs SD 108,,250,http://www.willowspringsschool.org,2020-21
Winchester CUSD 1,,749,http://www.winchesterschools.net,2025-26
Windsor CUSD 1,,250,https://www.windsorcusd.org,2025-26
Winnebago CUSD 323,,1999,http://www.winnebagoschools.org,2025-26
Winnetka SD 36,,1999,http://www.winnetka36.org,2025-26
Winthrop Harbor SD 1,,749,http://www.whsd1.org,2025-26
Wolf Branch SD 113,,749,http://www.wbsd113.org,2025-26
Wood Dale SD 7,,749,http://www.wd7.org,2025-26
Wood River-Hartford ESD 15,,749,http://www.wrh15.org,2025-26
Woodland CCSD 50,,4499,http://www.dist50.net,2025-26
Woodland CUSD 5,,250,http://www.woodland5.net,2025-26
Worth SD 127,,1999,http://www.worthschools.org,2025-26
Zeigler-Royalton CUSD 188,,749,http://www.zr188.org,2025-26
Zion-Benton Twp HSD 126,,1999,http://www.zb126.org,2025-26
