doc_id,district_id,district_name,state,school_year,bargaining_unit,classification,detail,source_url
78,10923,Adlai E Stevenson HSD 125,IL,,teachers,not-CBA,title=0 body=0 agenda=0 policy=0/0 kw=6 -> not-CBA,https://www.d125.org/fs/resource-manager/view/f761757c-b55a-4587-b0b0-844838ff93b7
79,10506,Alsip-Hazlgrn-Oaklwn SD 126,IL,,teachers,needs-OCR,insufficient_text (0 chars),https://www.dist126.org/employee-resources/files/documents/Tuition%20Reimbursement%20Form%20-%20Teachers.pdf
81,10895,Antioch CCSD 34,IL,,teachers,needs-OCR,insufficient_text (0 chars),https://www.antioch34.com/fs/resource-manager/view/c844693b-288f-4d09-ae25-aedec8cf3e56
82,11111,Auburn CUSD 10,IL,,teachers,not-CBA,title=0 body=1 agenda=0 policy=0/2 kw=2 -> not-CBA,https://www.auburn.k12.il.us/vimages/shared/vnews/stories/471e255ecba55/5%20220.pdf
86,10411,Belvidere CUSD 100,IL,,teachers,needs-OCR,insufficient_text (0 chars),https://www.district100.com/fs/resource-manager/view/3bcba7cc-6831-41e4-ae37-d4770f56aec4
87,10482,Berwyn South SD 100,IL,,teachers,not-CBA,title=0 body=0 agenda=0 policy=0/0 kw=2 -> not-CBA,https://www.bsd100.org/fs/resource-manager/view/dbfd58ee-7272-4ee0-9bbe-15d122e9d568
88,10876,Bradley SD 61,IL,,teachers,needs-OCR,insufficient_text (0 chars),https://www.bradleyschools.com/fs/resource-manager/view/97960172-9e78-437f-9e57-30ed224d76d9
89,10727,CHSD 94,IL,,teachers,needs-OCR,insufficient_text (0 chars),https://www.d94.org/fs/resource-manager/view/3edf5b7e-f014-410c-96fe-9f50f08690d0
92,10719,Cass SD 63,IL,,teachers,not-CBA,title=0 body=0 agenda=0 policy=0/10 kw=2 -> not-CBA policy_manual,https://www.cassd63.org/fs/resource-manager/view/d25855d9-a858-40be-bd06-c2f939508016
93,11163,Chaney-Monge SD 88,IL,,teachers,needs-OCR,insufficient_text (0 chars),https://chaneymonge.us/sites/default/files/2022-12/Collective%20Bargaining%20Agreement%20FY23-FY26.pdf
94,10565,Dakota CUSD 201,IL,,teachers,needs-OCR,insufficient_text (0 chars),https://www.dakota201.org/vimages/shared/vnews/stories/6503547ea7f2b/SY 24-27 DAKOTA CONTRACT.pdf
97,11808,Decatur SD 61,IL,,teachers,needs-OCR,insufficient_text (0 chars),https://www.dps61.org/cms/lib/IL50010903/Centricity/Domain/1143/WEB DFTA Contract July 1 2025 through June 20 2028 3.0.pdf
99,10521,Dolton SD 148,IL,,teachers,not-CBA,title=0 body=0 agenda=0 policy=0/0 kw=0 -> not-CBA,https://www.district148.net/mentor/files/documents/IMP%20Updates%202024-25/ACEs%20for%20new%20teachers%20aug%202024.pdf
101,10715,Downers Grove GSD 58,IL,,teachers,not-CBA,title=0 body=0 agenda=0 policy=0/0 kw=1 -> not-CBA,https://www.dg58.org/academics/files/documents//6010_3.pdf
103,11380,East Dubuque USD 119,IL,,teachers,not-CBA,title=0 body=1 agenda=0 policy=0/1 kw=0 -> not-CBA,https://www.eastdbqschools.org/fs/resource-manager/view/409df910-7160-4a12-b929-b7cba78d9ede
104,10440,East Maine SD 63,IL,,teachers,needs-OCR,insufficient_text (0 chars),https://www.emsd63.org/fs/resource-manager/view/afb79dcb-37f7-4af4-9892-c9d32d52aef8
105,10740,Edwards County CUSD 1,IL,,teachers,needs-OCR,insufficient_text (0 chars),https://www.edwardscountyschools.org/UserFiles/Servers/Server_64932/File/Administration/Contract%20Agreements/ECTA%202024-2027.pdf
106,10842,Elverado CUSD 196,IL,,teachers,needs-OCR,insufficient_text (0 chars),https://www.elv196.org/administration/district-data/union-contracts/72-eea-contract/file
107,13048,Evergreen Park ESD 124,IL,,teachers,needs-OCR,insufficient_text (0 chars),https://www.d124.org/fs/resource-manager/view/346b4721-e8ab-4883-92da-5f07cf02a348
108,10761,Ewing Northern CCSD 115,IL,,teachers,needs-OCR,insufficient_text (0 chars),https://www.ewinggradeschool.org/UserFiles/Servers/Server_20448887/File/Ewing Teacher Contract 23-26.pdf
109,10610,Flora CUSD 35,IL,,teachers,needs-OCR,insufficient_text (0 chars),https://www.floraschools.com/cms_files/resources/Flora Teachers-2024-2027 Final-Signed.pdf
110,11760,Fox Lake GSD 114,IL,,teachers,needs-OCR,insufficient_text (0 chars),https://www.d114.org/files/documents/D114%20Contractual%20Agreement%207.1.2024%206.30.2028.pdf
112,10910,Fremont SD 79,IL,,teachers,needs-OCR,insufficient_text (0 chars),https://www.fsd79.org/fs/resource-manager/view/7e05c6ae-5dbe-4d60-8f00-589f0d40350c
113,10780,Gardner S Wilmington Twp HSD 73,IL,,teachers,not-CBA,title=0 body=0 agenda=0 policy=0/2 kw=2 -> not-CBA,https://www.gswhs73.org/vimages/shared/vnews/stories/67894cc79054e/GAVC Contract.pdf
115,10724,Glenbard Twp HSD 87,IL,,teachers,needs-OCR,insufficient_text (0 chars),https://www.glenbard87.org/wp-content/uploads/sites/2/2025/10/AFSCME-and-D87-8-1-25-to-6-30-30.pdf
116,10432,Glenview CCSD 34,IL,,teachers,not-CBA,title=0 body=0 agenda=0 policy=0/0 kw=0 -> not-CBA,https://www.glenview34.org/fs/resource-manager/view/c0339129-df54-4245-87af-0d8b06bafc23
117,10990,Granite City CUSD 9,IL,,teachers,needs-OCR,insufficient_text (0 chars),https://www.gcsd9.net/fs/resource-manager/view/7927aef0-4747-4833-bcba-a51afefc9eae
119,10731,Hinsdale CCSD 181,IL,,teachers,needs-OCR,insufficient_text (0 chars),https://www.d181.org/uploaded/Departments/Human_Resources/Human_Resources_Files/FY24-FY27_HCHTA_Contract.pdf
120,10658,Indian Creek CUSD 425,IL,,teachers,needs-OCR,insufficient_text (0 chars),https://www.indiancreekschools.org/pdfs/IC 425 2024-2028 Teachers Contract.pdf
121,10386,Jacksonville SD 117,IL,,teachers,needs-OCR,insufficient_text (0 chars),https://www.jsd117.org/UserFiles/Servers/Server_150964/File/Departments/Human Resources/Union Contract/2022 2024 Contract.pdf
126,11033,Kings Cons SD 144,IL,,teachers,needs-OCR,insufficient_text (0 chars),https://www.kings144.org/_files/ugd/780b07_a695aaff77f84e1f9f7838e904d7004e.pdf
128,10790,Lisbon CCSD 90,IL,,teachers,needs-OCR,insufficient_text (0 chars),https://lisbon.k12.il.us/wp-content/uploads/2025/05/chromebook_user_agreement.pdf
129,11168,Lockport SD 91,IL,,teachers,needs-OCR,insufficient_text (0 chars),http://www.d91.net/uploads/1/1/7/0/11700295/fy27-fy29_final_d91_board___teachers_association_contract_ratified_6-9-26.pdf
130,10956,Lostant CUSD 425,IL,,teachers,not-CBA,title=1 body=1 agenda=0 policy=0/0 kw=4 -> not-CBA,https://www.lostantcomets.org/vimages/shared/vnews/stories/5d28aebc45e39/Lostant CBA 2025-2028.pdf
131,10454,Maine Township HSD 207,IL,,teachers,needs-OCR,insufficient_text (0 chars),https://maine207.org/wp-content/uploads/2026/06/Contracts-Over-25000-2025-2026.pdf
133,10689,McLean County USD 5,IL,,teachers,not-CBA,title=0 body=0 agenda=1 policy=0/0 kw=0 -> not-CBA,https://www.unit5.org/fs/resource-manager/view/035a07e9-5821-4075-a981-a3dcfeeb343b
135,10785,Minooka CCSD 201,IL,,teachers,needs-OCR,insufficient_text (0 chars),https://www.min201.org/fs/resource-manager/view/0ea1631c-e1cf-4c2a-8d4f-c3b936640f16
136,10447,Morton Grove SD 70,IL,,teachers,needs-OCR,insufficient_text (0 chars),https://www.mgsd70.org/board-of-education/files/documents/Teacher Contract/D70 and Park View Council of Teachers Contract 2024-2028.pdf
137,11127,N Pekin & Marquette Hght SD 102,IL,,teachers,needs-OCR,insufficient_text (0 chars),https://www.dist102.org/vimages/shared/vnews/stories/50783ee3a98f4/Signed MASTER CONTRACT 2022.2026.pdf
138,10654,Nashville CHSD 99,IL,,teachers,needs-OCR,insufficient_text (0 chars),https://www.nashville-k12.org/UserFiles/Servers/Server_89234/File/School%20Board/misc_documents/NCHS_Teacehrs_Contract_2023_2026.pdf
139,10592,Neoga CUSD 3,IL,,teachers,needs-OCR,insufficient_text (0 chars),https://www.neoga.k12.il.us/vimages/shared/vnews/stories/5a73276313390/Professional Agreement 24-28.pdf
144,11105,O Fallon Twp HSD 203,IL,,teachers,not-CBA,title=0 body=1 agenda=0 policy=2/6 kw=3 -> not-CBA policy_manual,https://www.oths.us/fs/resource-manager/view/073e4e7e-6121-4db2-a991-33e8166c9321
145,10613,Palestine CUSD 3,IL,,teachers,not-CBA,title=0 body=0 agenda=0 policy=0/0 kw=4 -> not-CBA,https://www.palestinecusd3.net/_files/ugd/2f5b74_febc08071c7c43a992c53b461c966016.pdf
148,11113,Pawnee CUSD 11,IL,,teachers,needs-OCR,insufficient_text (0 chars),https://www.pawneeschools.com/vimages/shared/vnews/stories/4ac57182973a6/doc20240828092823.pdf
149,10944,Peru ESD 124,IL,,teachers,needs-OCR,insufficient_text (0 chars),https://www.perued.net/vimages/shared/vnews/stories/5b66491777ff2/SIGNED FINAL Teacher Contract Agreement 2024-2028 Peru ESD 124 6-10-2024.pdf
150,10575,Rantoul City SD 137,IL,,teachers,not-CBA,title=0 body=2 agenda=0 policy=0/0 kw=1 -> not-CBA,https://www.rcs137.org/fs/resource-manager/view/23bbce3a-3ca7-4a85-a430-9081a55af497
151,10579,Rantoul Township HSD 193,IL,,teachers,not-CBA,title=0 body=0 agenda=0 policy=0/0 kw=0 -> not-CBA,https://rths193.org/fs/resource-manager/view/2e2f0361-4da4-4298-845c-a57a82211eb5
152,11045,River Bend CUSD 2,IL,,teachers,needs-OCR,insufficient_text (0 chars),https://www.riverbendschools.org/vimages/shared/vnews/stories/5d1cc1fc1358f/2023-26 CBA.pdf
156,10854,SD U-46,IL,,teachers,not-CBA,title=0 body=0 agenda=1 policy=0/0 kw=4 -> not-CBA,https://www.u-46.org/fs/resource-manager/view/dc87d1ef-dd62-4e62-aeba-3fab040cf002
159,10464,Schiller Park SD 81,IL,,teachers,needs-OCR,insufficient_text (0 chars),https://www.sd81.org/bo/files/A%202019%20financial%20docs/Signed%20CBA%20FY22-FY26.pdf
161,10802,Southeastern CUSD 337,IL,,teachers,needs-OCR,insufficient_text (0 chars),https://www.southeastern337.com/UserFiles/Servers/Server_1009717/File/District/2024-2025/Misc/Collective Bargaining Agreement 2024-2026.pdf
162,10981,Southwestern CUSD 9,IL,,teachers,not-CBA,title=0 body=1 agenda=0 policy=0/0 kw=5 -> not-CBA,"https://www.piasabirds.net/public-documents/files/docs/Contracts%20in%20Excess%20of%20$25,000.pdf"
163,11027,Sparta CUSD 140,IL,,teachers,not-CBA,title=0 body=0 agenda=0 policy=0/0 kw=1 -> not-CBA,https://www.sparta140.org/_files/ugd/63dffa_473c2af9dd744f4db1f14fea955838d4.pdf
164,10812,Spring Valley CCSD 99,IL,,teachers,needs-OCR,insufficient_text (0 chars),https://www.sv99.org/pages/uploaded_files/21-26 SV99 Teacher Contract.pdf
166,11949,Tri City CUSD 1,IL,,teachers,not-CBA,title=0 body=0 agenda=0 policy=0/0 kw=0 -> not-CBA,https://www.tricityschools.org/_files/ugd/76199b_c4cc477c8b7342cba2fef208b052e511.pdf
167,11161,Union SD 81,IL,,teachers,not-CBA,title=0 body=0 agenda=0 policy=0/0 kw=3 -> not-CBA,https://www.union81.com/wp-content/uploads/2020/07/IFT-concerns-and-parent-guideline-form.pdf
170,10921,Warren Twp HSD 121,IL,,teachers,not-CBA,title=0 body=0 agenda=0 policy=0/3 kw=1 -> not-CBA,https://www.d121.org/fs/resource-manager/view/d1deed40-b2e0-4dce-93a5-b02bb8a3d76a
173,10431,West Northfield SD 31,IL,,teachers,needs-OCR,insufficient_text (0 chars),https://www.district31.net/fs/resource-manager/view/4605b38d-3a2d-45c2-92a6-2fad7429834b
176,10709,Winfield SD 34,IL,,teachers,needs-OCR,insufficient_text (0 chars),https://www.winfield34.org/board/files/documents/Teacher%20Contract%202021-2025.pdf
183,10564,Pearl City CUSD 200,IL,,teachers,needs-OCR,insufficient_text (0 chars),https://www.pcwolves.net/district_info_/teacher_master_contract_2023-2026
184,10675,Rooks Creek CCSD 425,IL,,teachers,needs-OCR,insufficient_text (0 chars),https://www.rookscreek.k12.il.us/fs/resource-manager/view/94fef498-dae9-4fd5-b3b4-d517ce4720c4
185,11030,Steward ESD 220,IL,,teachers,needs-OCR,insufficient_text (0 chars),http://www.stewardschool220.org/uploads/9/1/4/6/91461140/board_policy_manual.pdf
187,11931,Whiteside SD 115,IL,,teachers,needs-OCR,insufficient_text (0 chars),https://www.wssd115.org/vimages/shared/vnews/stories/60ddc8ecc9c92/WFT%20and%20Dist%20115%202021-24%20Contract%20Agreement.pdf
188,10518,Arbor Park SD 145,IL,,transportation,not-CBA,title=0 body=0 agenda=0 policy=0/0 kw=1 -> not-CBA,https://www.arbor145.org/departments/transportation/files/documents/Transportation%20Change%20Request%20Form%20(1).pdf
190,10426,Arlington Heights SD 25,IL,,support_staff,needs-OCR,insufficient_text (0 chars),https://www.sd25.org/fs/resource-manager/view/56376e41-4963-47c7-91d5-a4034fc56d35
191,10856,Aurora West USD 129,IL,,custodial_maintenance,not-CBA,title=0 body=1 agenda=0 policy=0/0 kw=1 -> not-CBA,https://www.sd129.org/fs/resource-manager/view/f9c224cd-2ad2-41f5-a975-410abd6aaad5
192,10856,Aurora West USD 129,IL,,transportation,needs-OCR,insufficient_text (0 chars),https://www.sd129.org/fs/resource-manager/view/2b3c9ad1-5c27-4910-bbf9-a9bcdfe2ffd2
194,10439,CCSD 62,IL,,paraprofessionals,not-CBA,title=0 body=0 agenda=0 policy=0/0 kw=1 -> not-CBA,https://www.d62.org/fs/resource-manager/view/686b62d2-f50c-4b3b-bc63-464978a1646b
195,10728,CHSD 99,IL,,support_staff,not-CBA,title=0 body=1 agenda=0 policy=0/0 kw=3 -> not-CBA,https://www.csd99.org/fs/resource-manager/view/57704cb7-0310-4e28-aacb-6776f7966378
196,10733,CUSD 201,IL,,teachers,not-CBA,title=0 body=0 agenda=0 policy=1/9 kw=3 -> not-CBA policy_manual,https://www.cusd201.org/boe/files/policies/February%202024/0650_PRESS_ISSUE%20113_10_23.pdf
197,10377,CUSD 4,IL,,transportation,needs-OCR,insufficient_text (0 chars),https://www.cusd4.com/UserFiles/Servers/Server_704955/File/2026-2027 Transportation Request.pdf
198,11123,Creve Coeur SD 76,IL,,transportation,not-CBA,title=0 body=0 agenda=0 policy=0/47 kw=1 -> not-CBA policy_manual,https://www.cc76.org/uploads/2/6/7/0/26707673/2025-2026_bus_routes_-_25-26_alternate_route_if_one_driver_is_out_-_am.pdf
201,10662,DeKalb CUSD 428,IL,,food_service,not-CBA,title=0 body=0 agenda=0 policy=0/0 kw=1 -> not-CBA,https://www.dist428.org/UserFiles/Servers/Server_2861384/File/Departments/Food%20Services/Food%20Service%20Charge%20Procedure%202025-2026.pdf
203,10458,Glenbrook HSD 225,IL,,secretarial_clerical,not-CBA,title=0 body=1 agenda=0 policy=0/0 kw=1 -> not-CBA,https://www.glenbrook225.org/fs/resource-manager/view/2764f5e4-27c1-4a02-a5e9-1d0f1e09a980
204,10458,Glenbrook HSD 225,IL,,nurses,not-CBA,title=0 body=1 agenda=0 policy=0/0 kw=1 -> not-CBA,https://www.glenbrook225.org/fs/resource-manager/view/c72bf23f-eeae-46c2-820d-64e7766d557d
206,10874,Grant Park CUSD 6,IL,,custodial_maintenance,needs-OCR,insufficient_text (0 chars),https://www.grantparkdragons.org/documents/employment/sub_custodian.pdf
207,10874,Grant Park CUSD 6,IL,,paraprofessionals,needs-OCR,insufficient_text (0 chars),https://www.grantparkdragons.org/documents/employment/es_special_needs_para.pdf
209,10801,Hamilton CCSD 328,IL,,custodial_maintenance,not-CBA,title=0 body=0 agenda=0 policy=0/0 kw=1 -> not-CBA,https://hhs328.com/wp-content/uploads/2025/10/Custodial.pdf
210,10801,Hamilton CCSD 328,IL,,transportation,needs-OCR,insufficient_text (0 chars),https://hhs328.com/wp-content/uploads/2021/02/Application.pdf
213,10752,Jasper CCSD 17,IL,,food_service,not-CBA,title=0 body=0 agenda=1 policy=0/0 kw=1 -> not-CBA,http://www.jasperpolecats.com/images/docs/Cafeteria_Program_Instructions.pdf
216,10414,Kinnikinnick CCSD 131,IL,,custodial_maintenance,not-CBA,title=0 body=1 agenda=0 policy=0/1 kw=5 -> not-CBA,https://www.kinn131.org/uploads/1/2/8/5/12857008/8_hour_night_custodian.pdf
217,10414,Kinnikinnick CCSD 131,IL,,paraprofessionals,not-CBA,title=0 body=2 agenda=0 policy=0/0 kw=1 -> not-CBA,https://www.kinn131.org/uploads/1/2/8/5/12857008/paraprofessional_.pdf
218,10414,Kinnikinnick CCSD 131,IL,,nurses,not-CBA,title=0 body=0 agenda=0 policy=0/0 kw=3 -> not-CBA,https://www.kinn131.org/uploads/1/2/8/5/12857008/sub_registered_nurse.pdf
219,10803,La Harpe CSD 347,IL,,food_service,not-CBA,title=0 body=0 agenda=2 policy=0/0 kw=1 -> not-CBA,https://www.laharpeeagles.org/vimages/shared/vnews/stories/52338dded8296/Committee%20of%20the%20Whole%20Cafeteria%20Meeting%20March%2012%202025.pdf
220,10942,La Salle-Peru Twp HSD 120,IL,,teachers,not-CBA,title=0 body=0 agenda=0 policy=0/0 kw=0 -> not-CBA,https://www.lphs.net/fs/resource-manager/view/77746387-cba0-4e74-a3a9-0ee201bd29d7
224,10914,Lincolnshire-Prairieview SD 103,IL,,transportation,not-CBA,title=0 body=0 agenda=0 policy=0/0 kw=4 -> not-CBA,https://www.d103.org/uploaded/Transportation_Mendoza_Folder/org_chart_2025_2026.pdf
225,10914,Lincolnshire-Prairieview SD 103,IL,,teachers,not-CBA,title=0 body=1 agenda=0 policy=0/0 kw=2 -> not-CBA,https://www.d103.org/uploaded/Transportation_Mendoza_Folder/charter_requirements.pdf
228,11004,Alden Hebron SD 19,IL,,teachers,not-CBA,title=0 body=2 agenda=1 policy=0/26 kw=1 -> not-CBA policy_manual,https://files-backend.assets.thrillshare.com/documents/asset/uploaded_file/860/Alden_Hebron_School_District_19/4bb3a1a6-7e02-4b25-a2e7-08d767ec98d3/Certified_Staff_Manual_2024.pdf?disposition=inline
234,10828,Bradford CUSD 1,IL,,teachers,needs-OCR,insufficient_text (0 chars),https://hscsed.schoolboard.net/sites/henrystark.schoolboard.net/files/6e_Special%20Education%20Teacher%20Scholarship%20and%20Employment%20Agreement-Anthony%20Roome.pdf
238,10892,Zion ESD 6,IL,,teachers,not-CBA,title=0 body=0 agenda=0 policy=0/0 kw=2 -> not-CBA,https://www.ed.gov/media/document/ilapp10pdf-105899.pdf
248,10623,Bartelso SD 57,IL,,teachers,not-CBA,title=1 body=0 agenda=0 policy=0/0 kw=4 -> not-CBA,https://www.bartelsobraves.com/uploads/2/9/4/6/29464495/cba.pdf
249,10380,Beardstown CUSD 15,IL,,teachers,needs-OCR,insufficient_text (0 chars),https://www.beardstown.com/vimages/shared/vnews/stories/58b709a3be329/BEA%20Contract%202021-2025.pdf
250,11589,Christopher USD 99,IL,,teachers,not-CBA,title=0 body=3 agenda=1 policy=0/0 kw=1 -> not-CBA,https://www.ed.gov/sites/ed/files/policy/eseaflex/il.pdf
254,10989,Bethalto CUSD 8,IL,,teachers,not-CBA,title=1 body=2 agenda=0 policy=0/21 kw=3 -> not-CBA,https://core-docs.s3.us-east-1.amazonaws.com/documents/asset/uploaded_file/4879/Bethalto_CUSD/4449202/Policy_2_260_Uniform_Grievance_Procedure.pdf
257,10880,Bradley Bourbonnais CHSD 307,IL,,teachers,not-CBA,title=1 body=2 agenda=0 policy=1/0 kw=5 -> not-CBA,https://www.bbchs.org/fs/resource-manager/view/1cd8a318-b686-4194-8468-13a4cdd6e319
259,11061,Brimfield CUSD 309,IL,,teachers,needs-OCR,insufficient_text (0 chars),https://core-docs.s3.us-east-1.amazonaws.com/documents/asset/uploaded_file/4881/BCUSD309/4393718/10-25-23.pdf
260,11165,Richland GSD 88A,IL,,teachers,not-CBA,title=0 body=0 agenda=0 policy=0/0 kw=0 -> not-CBA,https://www.ed.gov/media/document/ildappdf-98060.pdf
261,13086,Brookwood SD 167,IL,,teachers,needs-OCR,insufficient_text (0 chars),http://www.brookwood167.org/wp-content/uploads/2021/12/GEA-Signed-Contract_001_v2.pdf
262,10403,Brownstown CUSD 201,IL,,teachers,needs-OCR,insufficient_text (0 chars),https://files-backend.assets.thrillshare.com/documents/asset/uploaded_file/877/Brownstown_Cusd_201/e47f716f-fb8a-4f5f-80c2-088c2f73ec89/BEA_Agreement_2024-25_through_2026-27.pdf?disposition=inline
263,10403,Brownstown CUSD 201,IL,,support_staff,needs-OCR,insufficient_text (0 chars),https://files-backend.assets.thrillshare.com/documents/asset/uploaded_file/877/Brownstown_Cusd_201/7add0747-3234-4e16-a4c2-db0aa984e938/ESP_Agreement_2025_2028_with_Salary_Informatio.pdf?disposition=inline
264,10970,Brussels CUSD 42,IL,,teachers,needs-OCR,insufficient_text (0 chars),https://core-docs.s3.amazonaws.com/documents/asset/uploaded_file/2721/BCUSD42/2478846/collective_bargain_agreement_2022-2023_through_2024-2025-09262022092634.pdf
271,11100,Cahokia CUSD 187,IL,,teachers,not-CBA,title=0 body=0 agenda=0 policy=0/1 kw=1 -> not-CBA,https://ilcourtsaudio.blob.core.windows.net/antilles-resources/resources/162a9a36-996a-425c-abe2-2f163c65e9bf/126212_AEB.pdf
276,10971,Carrollton CUSD 1,IL,,teachers,not-CBA,title=1 body=1 agenda=1 policy=0/10 kw=4 -> not-CBA,https://files-backend.assets.thrillshare.com/documents/asset/uploaded_file/5626/Ccsd/6f6335ef-6efc-4f99-9587-961e2072ad2c/830-Visitors-to-and-Conduct-on-School-Property.pdf?disposition=inline
278,10606,Central A & M CUD 21,IL,,teachers,needs-OCR,insufficient_text (0 chars),https://www.camraiders.com/vimages/shared/vnews/stories/5914c5c70a3b3/2024-2027%20Collective%20Bargaining%20Agreement.pdf
280,10859,Central CUSD 301,IL,,teachers,not-CBA,title=1 body=1 agenda=0 policy=0/0 kw=7 -> not-CBA,https://central301.net/wp-content/uploads/2026/03/31-045-3010-46-Northern-Kane-Cty-Reg-Voc-System-FY25.pdf
281,10644,Centralia SD 135,IL,,teachers,not-CBA,title=1 body=1 agenda=1 policy=4/11 kw=4 -> not-CBA,https://ccs135.com/wp-content/uploads/2024/05/Policy-2-270.pdf
282,10968,Cerro Gordo CUSD 100,IL,,teachers,needs-OCR,insufficient_text (0 chars),https://www.cgbroncos.org/vimages/shared/vnews/stories/584b053e91e8f/teacher%20contract%2020-24.pdf
285,13225,Chicago Public Schools Dist 299,IL,,teachers,needs-OCR,insufficient_text (0 chars),https://www.csc.cps.k12.il.us/purchasing/documents/MultiProject_Labor_Agreement.pdf
290,11372,Cons HSD 230,IL,,teachers,not-CBA,title=0 body=2 agenda=0 policy=0/0 kw=1 -> not-CBA,https://resources.finalsite.net/images/v1718727142/d230org/bgsnleodrgcjivaogsae/Audit_FY2022-23.pdf
292,10605,Stewardson-Strasburg CUD 5A,IL,,teachers,not-CBA,title=1 body=0 agenda=0 policy=0/0 kw=0 -> not-CBA,https://resources.finalsite.net/images/v1734463868/d86hinsdale86org/spxuvaqlb9nntlq8lenv/2024-11-07SchoolReportCardAcademicCommitteeDraft.pdf
293,10772,Crab Orchard CUSD 3,IL,,teachers,not-CBA,title=1 body=2 agenda=0 policy=0/12 kw=6 -> not-CBA,https://core-docs.s3.us-east-1.amazonaws.com/documents/asset/uploaded_file/2414/cocusd3/3761661/Policy-5120.pdf
295,12314,Spring Garden CCSD 178,IL,,teachers,not-CBA,title=0 body=1 agenda=0 policy=0/0 kw=1 -> not-CBA,https://files-backend.assets.thrillshare.com/documents/asset/uploaded_file/4169/Vhs/bc510a7a-f586-4504-aefd-b7e6410ae75e/Buncombe__Cypress__New_Simpson_Hill__Vienna_Gr.pdf?disposition=inline
296,11154,Danville CCSD 118,IL,,custodial_maintenance,needs-OCR,insufficient_text (0 chars),https://www.danville118.org/cms/lib/IL50000642/Centricity/Domain/193/Custodial%20Union%20Contract%202022-2025.pdf
299,10834,DeSoto Cons SD 86,IL,,teachers,not-CBA,title=1 body=2 agenda=0 policy=0/12 kw=6 -> not-CBA,https://files-backend.assets.thrillshare.com/documents/asset/uploaded_file/1795/Desoto_86/b2ee607e-3ec3-4b2f-acd6-ef04e7225835/Policy-5120__1_.pdf?disposition=inline
300,11135,Deer Creek-Mackinaw CUSD 701,IL,,paraprofessionals,not-CBA,title=1 body=0 agenda=0 policy=0/0 kw=6 -> not-CBA,https://cdnsm5-ss18.sharpschool.com/UserFiles/Servers/Server_192508/File/RTI%20Interventionist-Paraprofessional.pdf
301,11135,Deer Creek-Mackinaw CUSD 701,IL,,teachers,needs-OCR,insufficient_text (0 chars),https://cdnsm5-ss18.sharpschool.com/UserFiles/Servers/Server_192508/File/District/Employment%20Opportunities/Job%20Postings/Intermediate%20School%205th%20Grade%20Teacher.pdf
303,10400,Dieterich CUSD 30,IL,,teachers,needs-OCR,insufficient_text (0 chars),https://files-backend.assets.thrillshare.com/documents/asset/uploaded_file/189/Dieterich_Community_Schools/559e654c-6066-47b2-9306-ad736c36e912/Section-5--Personnel-12-9-24.pdf?disposition=inline
304,11120,District 50 Schools,IL,,teachers,not-CBA,title=0 body=3 agenda=1 policy=1/5 kw=6 -> not-CBA policy_manual,https://files-backend.assets.thrillshare.com/documents/asset/uploaded_file/764/Washington_District_50_Schools/234833ca-a915-41a7-9e35-092d96faf1ff/JLH_Handbook_2223_final.pdf?disposition=inline
306,11682,Du Quoin CUSD 300,IL,,teachers,needs-OCR,insufficient_text (0 chars),https://files-backend.assets.thrillshare.com/documents/asset/uploaded_file/550/Du_Quoin_Cusd_300/70287250-9091-476c-aefc-28f77767c74b/Board-minutes-March-16%2C-2026-%281%29.pdf?disposition=inline
316,11176,Elwood CCSD 203,IL,,teachers,not-CBA,title=0 body=0 agenda=0 policy=4/2 kw=2 -> not-CBA policy_manual,https://campussuite-storage.s3.amazonaws.com/prod/812861/dc8528ff-e385-11e6-884f-22000bd8490f/2651749/c026c3ac-474e-11ee-9c8f-0a504d8325f7/file/2023-2024%20Student%20Handbook.pdf
317,11041,Eswood CCSD 269,IL,,teachers,not-CBA,title=1 body=2 agenda=1 policy=0/0 kw=3 -> not-CBA,https://resources.finalsite.net/images/v1721937983/eswoodschoolorg/pcvvuh2hrvfpyv4td4tp/Eswood_CCSD_269_-_Evaluation_Plan.pdf
321,10547,Reavis Twp HSD 220,IL,,teachers,not-CBA,title=1 body=1 agenda=0 policy=1/0 kw=6 -> not-CBA,https://core-docs.s3.amazonaws.com/documents/asset/uploaded_file/3045/LTHSD/2599745/Budget_Narrative_and_Overview_FY23.pdf
323,10729,Fenton CHSD 100,IL,,teachers,not-CBA,title=1 body=1 agenda=0 policy=2/4 kw=6 -> not-CBA,https://www.fenton100.org/fs/resource-manager/view/90628563-124d-4420-9af4-013fd6642a44
332,10624,Germantown SD 60,IL,,teachers,needs-OCR,insufficient_text (0 chars),https://files-backend.assets.thrillshare.com/documents/asset/uploaded_file/2239/Gesdil/01ce13c3-8b90-41d8-9ce7-a243c8da3584/Signed_Contract_081524.pdf?disposition=inline
333,10624,Germantown SD 60,IL,,administrators,not-CBA,title=1 body=0 agenda=0 policy=4/1 kw=5 -> not-CBA,https://core-docs.s3.amazonaws.com/documents/asset/uploaded_file/1364527/5_100-AP_Administrative_Procedure_-_Staff_Development_Program.pdf
334,10578,Gifford CCSD 188,IL,,teachers,not-CBA,title=1 body=2 agenda=1 policy=4/29 kw=2 -> not-CBA,https://files-backend.assets.thrillshare.com/documents/asset/uploaded_file/1743/Gifford/efc50cea-68c3-47a0-812f-c36f8deea163/Gifford_CCSD_188_-_PRESS_Plus_99.pdf?disposition=inline
337,11092,Grant CCSD 110,IL,,teachers,needs-OCR,insufficient_text (0 chars),https://core-docs.s3.us-east-1.amazonaws.com/documents/asset/uploaded_file/637/Grant_CCSD_110/4958058/Grant_CCSD_RFP_for_FSMC_FINAL_10.10.2024.pdf
342,10901,Gurnee SD 56,IL,,teachers,not-CBA,title=1 body=2 agenda=0 policy=0/22 kw=3 -> not-CBA,https://files-backend.assets.thrillshare.com/documents/asset/uploaded_file/3549/Gurnee/31c3e955-77c0-4a69-8f2e-a38b70edbe82/Policy_2260.pdf?disposition=inline
348,10659,Hiawatha CUSD 426,IL,,teachers,not-CBA,title=0 body=2 agenda=1 policy=0/0 kw=3 -> not-CBA,https://nflpaweb.blob.core.windows.net/website/PDFs/CBA/March-15-2020-NFL-NFLPA-Collective-Bargaining-Agreement-Final-Executed-Copy.pdf
349,10659,Hiawatha CUSD 426,IL,,support_staff,needs-OCR,insufficient_text (0 chars),https://core-docs.s3.amazonaws.com/documents/asset/uploaded_file/1929/rsu89/2111175/CBA_Support_Staff_2022-2025.pdf
350,10408,Hillsboro CUSD 3,IL,,teachers,needs-OCR,insufficient_text (0 chars),https://resources.finalsite.net/images/v1775745176/hillsboroschoolsnet/sjgxnc7az1hoyz4ihlsm/Section5-Personnel.pdf
354,10798,Illini West H S Dist 307,IL,,teachers,needs-OCR,insufficient_text (0 chars),https://www.illiniwest.org/vimages/shared/vnews/stories/5051e90ba1752/Collective%20Bargaining%20Agreement%202019-2024.pdf
355,10736,Indian Prairie CUSD 204,IL,,teachers,not-CBA,title=0 body=1 agenda=1 policy=0/2 kw=0 -> not-CBA,https://www.ipsd.org/cms/lib/IL50011018/Centricity/Domain/76/Section504ProceduresGuidelines_info.pdf
357,10867,Iroquois County CUSD 9,IL,,support_staff,not-CBA,title=0 body=4 agenda=1 policy=1/22 kw=2 -> not-CBA policy_manual,https://files-backend.assets.thrillshare.com/documents/asset/uploaded_file/407/Watseka/f6cfe57a-a993-49b5-ab21-b8b23ab27ef3/2023-2024_Non-Certified_Handbook.pdf?disposition=inline
364,10513,Kirby SD 140,IL,,teachers,needs-OCR,insufficient_text (0 chars),https://www.ksd140.org/district-business-office/files/documents/2022-23%20School%20Year/MemoofAgreement-SalaryCommittee%202022.pdf
365,10883,Knoxville CUSD 202,IL,,teachers,not-CBA,title=1 body=2 agenda=0 policy=0/0 kw=6 -> not-CBA,https://files-backend.assets.thrillshare.com/documents/asset/uploaded_file/2723/Kcusd/2ec7ab6b-8ee1-4d93-b312-26d6280c17a9/Special_Education_Teacher_w_job_desc.pdf?disposition=inline
371,11063,Limestone Walters CCSD 316,IL,,teachers,needs-OCR,insufficient_text (0 chars),https://files-backend.assets.thrillshare.com/documents/asset/uploaded_file/2271/Lwsd/b5b8d45d-f890-4802-b9c2-cc87029bb588/FinalLWCBA2025-2027.pdf?disposition=inline
375,11178,Lockport Twp HSD 205,IL,,teachers,not-CBA,title=0 body=3 agenda=0 policy=1/0 kw=3 -> not-CBA,https://files-backend.assets.thrillshare.com/documents/asset/uploaded_file/3045/Lthsd/31d1cee7-2694-47aa-8f6e-d3aebdb610cb/2020__2_.pdf?disposition=inline
377,10807,Macomb CUSD 185,IL,,teachers,not-CBA,title=1 body=1 agenda=0 policy=0/4 kw=5 -> not-CBA,https://www.macomb185.org/DocumentCenter/View/221
380,10873,Manteno CUSD 5,IL,,teachers,not-CBA,title=0 body=2 agenda=0 policy=0/10 kw=6 -> not-CBA policy_manual,https://www.manteno5.org/ms/about/files/documents/Forms/MMS%20.pdf
413,10533,ESD 159,IL,,teachers,needs-OCR,insufficient_text (0 chars),https://www.dist159.com/ourpages/auto/2022/9/16/46466744/copierdo_20220916_132232.pdf
415,11002,McHenry CCSD 15,IL,,transportation,not-CBA,title=0 body=0 agenda=0 policy=0/0 kw=1 -> not-CBA,https://www.d15.org/fs/resource-manager/view/cbad4841-4a87-4bac-a687-808cc6968ea3
417,10893,Millburn CCSD 24,IL,,food_service,not-CBA,title=0 body=0 agenda=0 policy=0/0 kw=1 -> not-CBA,https://www.millburn24.net/fs/resource-manager/view/4f54e1a6-3925-4b35-8a85-26209bf02e6b
418,10953,Miller Twp CCSD 210,IL,,teachers,not-CBA,title=0 body=0 agenda=0 policy=1/0 kw=2 -> not-CBA,https://www.miltonpope.net/uploads/b/9114ade0-f6df-11eb-be43-cbc36a29f31a/BoardPolicyBookCover.pdf
419,11076,Moline-Coal Valley CUSD 40,IL,,teachers,not-CBA,title=0 body=2 agenda=0 policy=0/3 kw=3 -> not-CBA,https://www.molineschools.org/fs/resource-manager/view/1f7ead43-16eb-4ab6-9a73-384b71eed99d
423,11138,Morton CUSD 709,IL,,food_service,not-CBA,title=0 body=0 agenda=0 policy=0/0 kw=2 -> not-CBA,https://www.morton709.org/file/4098
426,10920,Mundelein Cons HSD 120,IL,,paraprofessionals,not-CBA,title=0 body=0 agenda=0 policy=0/0 kw=2 -> not-CBA,https://www.d120.org/assets/1/6/What-is-Paraprofessional.pdf
428,10840,Murphysboro CUSD 186,IL,,custodial_maintenance,not-CBA,title=1 body=2 agenda=1 policy=0/3 kw=4 -> not-CBA,https://www.hurst-rosche.com/uploads/2/9/3/9/29393433/general_john_a_logan_2020_maintenance_grant_-_project_manual.pdf
431,10653,Nashville CCSD 49,IL,,teachers,not-CBA,title=0 body=0 agenda=0 policy=0/0 kw=0 -> not-CBA,http://www.nashville49.org/nurse/Respiratory%20Infections.pdf
432,11171,New Lenox SD 122,IL,,teachers,needs-OCR,insufficient_text (0 chars),https://www.nlsd122.org/c/application/files/9017/7142/7523/New_Lenox_Council_AFT_Local_604_IFT-AFT_Collective_Bargaining_Agreement_Extension.pdf
433,10453,New Trier Twp HSD 203,IL,,food_service,not-CBA,title=0 body=0 agenda=0 policy=0/0 kw=0 -> not-CBA,https://www.newtrier.k12.il.us/fs/resource-manager/view/cd735185-3146-48e3-b058-9e9147c9c555
435,10457,Niles Twp HSD 219,IL,,transportation,not-CBA,title=0 body=0 agenda=0 policy=0/0 kw=1 -> not-CBA,https://www.niles219.org/fs/resource-manager/view/5011c517-462c-40ba-97f2-bb62cea91b52
439,10412,North Boone CUSD 200,IL,,transportation,not-CBA,title=0 body=0 agenda=0 policy=0/1 kw=2 -> not-CBA,https://www.nbcusd.org/wp-content/uploads/4.110E2-Transportation-Request-Form.pdf
440,11089,O Fallon CCSD 90,IL,,support_staff,not-CBA,title=0 body=0 agenda=0 policy=0/12 kw=7 -> not-CBA policy_manual,https://www.of90.net/fs/resource-manager/view/53e4d107-4459-4fdf-bb82-cfa32fa6751d
441,10591,Eastern IL EFE System,IL,,teachers,not-CBA,title=0 body=3 agenda=0 policy=0/0 kw=6 -> not-CBA,https://resources.finalsite.net/images/v1733505564/nssd112org/tcbfbemox48cukfu4sc4/34-049-1120-02NorthShoreSD112ASA7.pdf
442,10905,Oak Grove SD 68 Green Oaks,IL,,teachers,not-CBA,title=0 body=0 agenda=0 policy=0/0 kw=1 -> not-CBA,https://www.ogschool.org/staff/nurse/files/documents/Child%20Health%20Exam.pdf
443,10905,Oak Grove SD 68 Green Oaks,IL,,paraprofessionals,not-CBA,title=0 body=0 agenda=0 policy=0/0 kw=1 -> not-CBA,https://www.ogschool.org/employment/files/documents/Sub-Para-Checklist.pdf
446,10819,Ohio CHSD 505,IL,,food_service,not-CBA,title=0 body=0 agenda=0 policy=0/0 kw=1 -> not-CBA,http://ohiocommunityschooldistricts.com/wp-content/uploads/FY23-summermeals-flyer.pdf
447,10819,Ohio CHSD 505,IL,,transportation,not-CBA,title=0 body=1 agenda=0 policy=0/0 kw=1 -> not-CBA,http://ohiocommunityschooldistricts.com/wp-content/uploads/Bus-Drivers_Co-Curricular-Driver-Ad-4.23.26.pdf
450,10691,Olympia CUSD 16,IL,,teachers,not-CBA,title=0 body=2 agenda=0 policy=1/10 kw=4 -> not-CBA policy_manual,https://files-backend.assets.thrillshare.com/documents/asset/uploaded_file/395/Owe/14f64a86-22fd-4a67-85d9-7e85f1590faa/24-25_Elementary_Handbook-_final_update.pdf?disposition=inline
458,11454,Waltonville CUSD 1,IL,,teachers,needs-OCR,insufficient_text (0 chars),https://www.cusd1.org/files/user/300/5-120%20Employee%20Ethics%2C%20Conduct%20011625.pdf
463,10789,Plano CUSD 88,IL,,teachers,not-CBA,title=0 body=3 agenda=0 policy=1/1 kw=2 -> not-CBA,https://core-docs.s3.amazonaws.com/documents/asset/uploaded_file/1230656/Section_8_-_April_2021.pdf
465,11055,Pleasant Valley SD 62,IL,,paraprofessionals,not-CBA,title=0 body=1 agenda=0 policy=0/0 kw=5 -> not-CBA,https://www.pv62.com/uploads/3/8/5/3/38533755/paraprofessional_-_behavior_classroom_job_description__primary_-_full_time__-_google_docs.pdf
466,11055,Pleasant Valley SD 62,IL,,support_staff,not-CBA,title=0 body=0 agenda=0 policy=0/0 kw=3 -> not-CBA,https://www.pv62.com/uploads/3/8/5/3/38533755/job_application_-_non_certified.pdf
468,11007,Prairie Grove CSD 46,IL,,teachers,not-CBA,title=1 body=2 agenda=0 policy=0/12 kw=6 -> not-CBA,https://files-backend.assets.thrillshare.com/documents/asset/uploaded_file/504/Prairie_Grove_Csd_46/d6938833-7d15-4572-b914-f7c8252fd0f8/Policy-5120.pdf?disposition=inline
476,10406,Ramsey CUSD 204,IL,,teachers,not-CBA,title=1 body=2 agenda=1 policy=0/2 kw=3 -> not-CBA,https://www.hurst-rosche.com/uploads/2/9/3/9/29393433/final_combined_specs_8-2-24.pdf
477,11126,Rankin CSD 98,IL,,teachers,not-CBA,title=0 body=3 agenda=2 policy=2/140 kw=6 -> not-CBA policy_manual,https://www.rankin98.org/vimages/shared/vnews/stories/57a0069b2545c/November%202016%20Board%20Policy%20Manual%20-%20Rankin%20School%20District%2098.pdf
479,10615,Red Hill CUSD 10,IL,,teachers,needs-OCR,insufficient_text (0 chars),https://files-backend.assets.thrillshare.com/documents/asset/uploaded_file/1553/Cusd_10/5fe66e53-fc67-420b-862e-f226519f1fe9/Agreement_between_Red_Hill_CUSD_10_and_Bus_Dri%281%29.pdf?disposition=inline
482,10617,Richland County CUSD 1,IL,,teachers,not-CBA,title=0 body=4 agenda=0 policy=1/39 kw=2 -> not-CBA policy_manual,https://files-backend.assets.thrillshare.com/documents/asset/uploaded_file/1918/Rccu/d360e481-6f98-447c-920f-029367e27036/2025-2026_Educational_Support_Employee_Handboo.pdf?disposition=inline
483,11013,Richmond-Burton CHSD 157,IL,,teachers,needs-OCR,insufficient_text (0 chars),https://core-docs.s3.amazonaws.com/documents/asset/uploaded_file/452611/Board_Policy_-_Section_5_617.pdf
485,10494,Ridgewood CHSD 234,IL,,food_service,not-CBA,title=0 body=0 agenda=0 policy=0/0 kw=1 -> not-CBA,https://www.d234.org/assets/1/6/Ridgewood_Cafeteria_Price_List_2025.2026_School_Year.pdf
488,10612,Robinson CUSD 2,IL,,transportation,not-CBA,title=0 body=0 agenda=0 policy=0/0 kw=2 -> not-CBA,https://www.robinsonschools.com/unit2/images/files/transportation-documents//[x] School Bus Policy (2025-2026).pdf
491,10416,Rockton SD 140,IL,,paraprofessionals,not-CBA,title=0 body=1 agenda=0 policy=0/0 kw=1 -> not-CBA,https://www.rockton140.org/district/Job/26_27/RGS_1_1_Para.pdf
496,10647,Sandoval CUSD 501,IL,,teachers,not-CBA,title=1 body=2 agenda=0 policy=0/12 kw=6 -> not-CBA,https://core-docs.s3.us-east-1.amazonaws.com/documents/asset/uploaded_file/2033/Sandoval_CUSD/4280342/Policy-5120.pdf
498,10678,Saunemin CCSD 438,IL,,administrators,needs-OCR,insufficient_text (0 chars),https://core-docs.s3.us-east-1.amazonaws.com/documents/asset/uploaded_file/3780/Saunemin/4464260/McDermaid_Assistant_Principal_Athletic_Director_Contract_2024-2027_Signed.pdf
505,10446,Skokie SD 69,IL,,teachers,not-CBA,title=0 body=3 agenda=1 policy=0/4 kw=4 -> not-CBA,https://resources.finalsite.net/images/v1705598258/skokie69k12ilus/uqqjbvheltc91ogwv0xc/D69FSMC-RFP-fixed-price-Contract01042024.pdf
506,10450,Skokie SD 73-5,IL,,transportation,not-CBA,title=0 body=0 agenda=0 policy=0/0 kw=0 -> not-CBA,https://www.sd735.org/boe/files/documents/Policy%20Manual/4110.pdf
507,10450,Skokie SD 73-5,IL,,teachers,not-CBA,title=0 body=0 agenda=1 policy=1/9 kw=2 -> not-CBA policy_manual,https://www.sd735.org/boe/files/documents/Policy%20Manual/7220.pdf
511,10397,South Fork SD 14,IL,,teachers,needs-OCR,insufficient_text (0 chars),https://www.southforkschools.com/pages/data/contract/2014-2015/2015_sports_coop_agreement.pdf
513,10404,St Elmo CUSD 202,IL,,support_staff,needs-OCR,insufficient_text (0 chars),https://core-docs.s3.amazonaws.com/documents/asset/uploaded_file/739/St_Elmo_CUSD_202/2966355/St._Elmo_ESP_Contract_2023-2025.pdf
516,10800,Nauvoo-Colusa CUSD 325,IL,,teachers,not-CBA,title=0 body=2 agenda=1 policy=1/38 kw=5 -> not-CBA policy_manual,http://mail.nauvoo-colusa.com/Files/Registration/Nauvoo%20Colusa%20Handbook%2017-18.pdf
519,12057,Taylorville CUSD 3,IL,,teachers,not-CBA,title=1 body=2 agenda=0 policy=0/38 kw=0 -> not-CBA,https://files-backend.assets.thrillshare.com/documents/asset/uploaded_file/2993/Tcusd/52ae75fa-4439-43e3-b0bf-7ff1a95c9bd2/taylorville_3_exported_on_05_28_2026-%284%29%281%29.pdf?disposition=inline
520,10574,Thomasboro CCSD 130,IL,,teachers,needs-OCR,insufficient_text (0 chars),https://files-backend.assets.thrillshare.com/documents/asset/uploaded_file/2328/Tccsd/9e657522-ad23-4219-be98-4901f9d5b5c8/2-260_Uniform_Grievance_Procedure.pdf?disposition=inline
523,10541,Thornton Twp HSD 205,IL,,teachers,not-CBA,title=0 body=3 agenda=1 policy=0/0 kw=2 -> not-CBA,https://www.district205.net/fs/resource-manager/view/53e801ee-b59a-40bf-a9f5-85b7f22114c6
525,10939,Tonica CCSD 79,IL,,teachers,needs-OCR,insufficient_text (0 chars),https://tonicagradeschool.org/wp-content/uploads/2024/10/Collective-Bargaining-Agreement-9-12-2024-2-2.pdf
528,11136,Tremont CUSD 702,IL,,teachers,not-CBA,title=0 body=4 agenda=0 policy=1/27 kw=1 -> not-CBA policy_manual,https://files-backend.assets.thrillshare.com/documents/asset/uploaded_file/343/Tremont_District/612dc329-1de9-4c1a-8f67-95df8da24ec3/Certified_School_Employee_Handbook_2023.pdf?disposition=inline
532,10385,Triopia CUSD 27,IL,,teachers,needs-OCR,insufficient_text (0 chars),https://core-docs.s3.amazonaws.com/documents/asset/uploaded_file/468614/Union_Contract_FY20-22_Signed.pdf
537,10986,Venice CUSD 3,IL,,teachers,not-CBA,title=1 body=0 agenda=0 policy=0/0 kw=5 -> not-CBA,https://core-docs.s3.us-east-1.amazonaws.com/documents/asset/uploaded_file/2559/VCUSD/5540667/Job_Posting_Music-Band.pdf
540,11454,Waltonville CUSD 1,IL,,teachers,not-CBA,title=1 body=2 agenda=0 policy=0/23 kw=3 -> not-CBA,https://www.cusd1.org/files/user/300/2-260-Uniform-Grievance-091924.pdf
545,11048,Whiteside Area Career,IL,,teachers,not-CBA,title=0 body=1 agenda=0 policy=1/0 kw=2 -> not-CBA,https://www.riverbendschools.org/vimages/shared/vnews/stories/65fd8e347b40e/River%20Bend%20West%20Carroll%20Reorg%20Study%20upated%20March%2011%20%281%29.pdf
547,10684,West Lincoln-Broadwell ESD 92,IL,,transportation,not-CBA,title=0 body=0 agenda=0 policy=0/0 kw=0 -> not-CBA,https://www.wlb92.org/UserFiles/Servers/Server_24501338/File/Permission for Student Transportation by Parent.pdf
549,11289,Westchester SD 92-5,IL,,teachers,needs-OCR,insufficient_text (0 chars),https://www.sd925.org/pdfs/Finance/MOU-Insurance%20Committee%205_20_2021%20_WEA_.pdf
550,10390,Western CUSD 12,IL,,support_staff,needs-OCR,insufficient_text (0 chars),https://www.westerncusd12.org/wp-content/uploads/2025/03/Non-Certified-Salary-Schedule-2021-2025.pdf
555,10422,Winnebago CUSD 323,IL,,support_staff,not-CBA,title=0 body=0 agenda=0 policy=0/0 kw=1 -> not-CBA,https://www.winnebagoschools.org/fs/resource-manager/view/bc9abd68-509b-488e-94e6-816b439b3a85
561,11593,Zeigler-Royalton CUSD 188,IL,,teachers,not-CBA,title=0 body=2 agenda=1 policy=1/13 kw=6 -> not-CBA policy_manual,https://static.secure.website/wscfus/9867453/3705221/2016-2017-handbook.pdf
562,10924,Zion-Benton Twp HSD 126,IL,,support_staff,not-CBA,title=0 body=1 agenda=0 policy=0/0 kw=2 -> not-CBA,https://www.zb126.org/fs/resource-manager/view/ef5495ee-a91d-45e9-b749-3f6fd6c34a4e
566,12134,Berkeley SD 87,IL,,teachers,not-CBA,title=1 body=2 agenda=0 policy=0/22 kw=3 -> not-CBA,https://www.berkeley87.org/UserFiles/Servers/Server_389410/File/Parents/Title%20IX/2_260%20Uniform%20Grievance%20Procedure.pdf
567,10828,Bradford CUSD 1,IL,,teachers,needs-OCR,insufficient_text (0 chars),https://hscsed.schoolboard.net/sites/henrystark.schoolboard.net/files/6D_Scholarship%20%26%20Employment%20Agreement%20%28LBS1%29%20Alexandria%20Simpson.pdf
575,11050,East Coloma - Nelson CESD 20,IL,,teachers,not-CBA,title=1 body=1 agenda=0 policy=0/0 kw=6 -> not-CBA,https://core-docs.s3.us-east-1.amazonaws.com/documents/asset/uploaded_file/3442/ECNCESD/4938420/ECN_Middle_School_Science__Grades_6-8_.pdf
583,10485,Lyons SD 103,IL,,teachers,needs-OCR,insufficient_text (0 chars),https://www.willowspringsschool.org/wp-content/uploads/2024/11/August-21-2024-Regular-Board-Minutes-signed.pdf
584,10471,Maywood-Melrose Park-Broadview 89,IL,,custodial_maintenance,needs-OCR,insufficient_text (0 chars),https://www.maywood89.org/wp-content/uploads/2020/07/Custodial-Maintenance-Contract-2024.pdf
592,10976,Northwestern CUSD 2,IL,,transportation,not-CBA,title=0 body=0 agenda=0 policy=0/8 kw=4 -> not-CBA policy_manual,https://www.northwestern.k12.il.us/vimages/shared/vnews/stories/5c5c93ce64ae1/4_110%20Transportation.pdf
593,10976,Northwestern CUSD 2,IL,,food_service,not-CBA,title=0 body=0 agenda=0 policy=1/3 kw=2 -> not-CBA policy_manual,https://www.northwestern.k12.il.us/vimages/shared/vnews/stories/5c5c93ce64ae1/4_120%20Food%20Services.pdf
594,10976,Northwestern CUSD 2,IL,,support_staff,not-CBA,title=0 body=0 agenda=0 policy=1/5 kw=3 -> not-CBA policy_manual,https://www.northwestern.k12.il.us/vimages/shared/vnews/stories/5c5c93ce64ae1/5-270.pdf
599,10986,Venice CUSD 3,IL,,teachers,not-CBA,title=1 body=0 agenda=0 policy=0/0 kw=5 -> not-CBA,https://files-backend.assets.thrillshare.com/documents/asset/uploaded_file/2559/Vcusd/f5f635fa-1b74-445c-92b0-26da25909633/Teacher-Job-Posting-8th-Grade.pdf?disposition=inline
600,10600,Paris-Union SD 95,IL,,teachers,not-CBA,title=0 body=0 agenda=0 policy=0/0 kw=4 -> not-CBA,https://www.paris95.k12.il.us/UserFiles/Servers/Server_8563937/File/Transportation/Driving%20Success%20Paris%20Union%20School%20District%2095%20December%202025.pdf
603,10492,Proviso Twp HSD 209,IL,,custodial_maintenance,not-CBA,title=0 body=0 agenda=0 policy=0/0 kw=1 -> not-CBA,https://www.pths209.org/fs/resource-manager/view/925cb944-6f7a-4e63-81e6-1a77924324fc
604,10675,Rooks Creek CCSD 425,IL,,transportation,needs-OCR,insufficient_text (0 chars),https://www.rookscreek.k12.il.us/fs/resource-manager/view/3fa22e78-a478-4e11-9855-58a797657d3b
605,11088,Shiloh Village SD 85,IL,,teachers,not-CBA,title=0 body=3 agenda=1 policy=0/29 kw=3 -> not-CBA policy_manual,https://files-backend.assets.thrillshare.com/documents/asset/uploaded_file/2874/Svsd/a3714f83-9cf4-4116-8ea8-de27cdfb0415/2025-2026_Substitute_Handbook.pdf?disposition=inline
609,10937,Streator ESD 44,IL,,support_staff,not-CBA,title=0 body=0 agenda=0 policy=0/0 kw=6 -> not-CBA,https://www.ses44.net/UserFiles/Servers/Server_26740696/File/Appendix B Support Staff Wages.pdf
614,11314,Willow Springs SD 108,IL,,teachers,not-CBA,title=0 body=2 agenda=0 policy=0/0 kw=2 -> not-CBA,https://asbointl.org/common/Uploaded%20files/Awards/MBA/2022-2023%20MBA%20Resources/Deerfield%20FY%2023%20FINAL%20BUDGET.pdf
615,11485,ACE Amandla Charter School,IL,,teachers,not-CBA,title=0 body=0 agenda=0 policy=0/0 kw=4 -> not-CBA,https://chicagoworkforcefunders.org/wp-content/uploads/2025/08/Construction-Report-Jan-2021.pdf
618,11106,Belleville Area Special Services,IL,,teachers,needs-OCR,insufficient_text (0 chars),https://core-docs.s3.us-east-1.amazonaws.com/documents/asset/uploaded_file/3284/BASSC/4780276/doc01503820240830135325.pdf
625,10726,CCSD 89,IL,,teachers,not-CBA,title=0 body=2 agenda=1 policy=0/15 kw=3 -> not-CBA policy_manual,https://files-backend.assets.thrillshare.com/documents/asset/uploaded_file/5361/Ccsd/59d830f5-8000-4ae1-8500-b777c7ffd347/CCSD-89-202627-Student-Parent-Handbook.pdf?disposition=inline
628,11960,Capital Area Career Center,IL,,teachers,not-CBA,title=0 body=2 agenda=0 policy=0/0 kw=3 -> not-CBA,https://worknet20.org/wp-content/uploads/2020/11/Local-Plan-2020.pdf
630,10645,Centralia HSD 200,IL,,teachers,not-CBA,title=1 body=2 agenda=0 policy=0/20 kw=3 -> not-CBA,https://files-backend.assets.thrillshare.com/documents/asset/uploaded_file/2100/Chs/46fa7af6-9cec-4e3f-b55b-2d23c3bde8e5/Board_Policy-2.260_Uniform_Grievance_Procedure.pdf?disposition=inline
636,11137,Delavan CUSD 703,IL,,teachers,needs-OCR,insufficient_text (0 chars),https://core-docs.s3.amazonaws.com/documents/asset/uploaded_file/1500051/july_20-103041.pdf
637,10951,Dimmick CCSD 175,IL,,teachers,needs-OCR,insufficient_text (0 chars),https://core-docs.s3.us-east-1.amazonaws.com/documents/asset/uploaded_file/5190/DCCSD/4973657/Collective_Bargaining_Agreement_2021-2026.pdf
642,16240,Exceptional Learners,IL,,teachers,needs-OCR,insufficient_text (0 chars),https://www.d121.org/uploaded/Superintendent/9.24.24_commagenda.pdf
643,11358,Ford Heights SD 169,IL,,teachers,needs-OCR,insufficient_text (0 chars),https://www.fordheights169.org/wp-content/uploads/2025/03/February-10-2025-Minutes-Finalized.pdf
651,10870,Iroquois Special Education,IL,,teachers,needs-OCR,insufficient_text (0 chars),https://files-backend.assets.thrillshare.com/documents/asset/uploaded_file/904/Pbl_Cusd_10/d7118612-f441-4836-829e-681ac90260d4/2025-2027-PBL-Collective-Bargaining-Agreement.pdf?disposition=inline
656,10500,Lemont-Bromberek CSD 113A,IL,,teachers,needs-OCR,insufficient_text (0 chars),https://www.boarddocs.com/il/lbcsd/Board.nsf/files/AEPMSJ59A6FA/$file/PRESS%2092%205%20year%20review.pdf
657,10797,Lewistown CUSD 97,IL,,teachers,not-CBA,title=1 body=1 agenda=0 policy=0/0 kw=3 -> not-CBA,https://core-docs.s3.us-east-1.amazonaws.com/documents/asset/uploaded_file/3407/LCUSD/5707572/District_Sub_Caller.pdf
666,10862,Mid-Valley Special Ed Coop,IL,,teachers,not-CBA,title=1 body=1 agenda=0 policy=2/0 kw=6 -> not-CBA,https://files-backend.assets.thrillshare.com/documents/asset/uploaded_file/2649/Bsd/6f14021c-eb4b-4863-942e-a021a873c1d3/Benjamin-25-ASA-2025.pdf?disposition=inline
667,10777,Nettle Creek CCSD 24C,IL,,teachers,not-CBA,title=1 body=1 agenda=0 policy=2/4 kw=6 -> not-CBA,https://core-docs.s3.us-east-1.amazonaws.com/documents/asset/uploaded_file/2306/ncccsd/3549885/Policy_5-200.pdf
669,10601,Paris Cooperative High School,IL,,teachers,needs-OCR,insufficient_text (0 chars),https://core-docs.s3.amazonaws.com/documents/asset/uploaded_file/552789/PACT_Contract_2019-2022.pdf
672,11179,Peotone CUSD 207U,IL,,teachers,not-CBA,title=1 body=0 agenda=0 policy=0/0 kw=7 -> not-CBA,https://files-backend.assets.thrillshare.com/documents/asset/uploaded_file/3767/Pcusd/6eb2deec-23d0-4bd9-a3d8-eb2fdf894ee8/Original_Budget_Presentation_FY26.pdf?disposition=inline
674,15077,Philip J Rock Center and School,IL,,administrators,not-CBA,title=0 body=3 agenda=1 policy=0/0 kw=7 -> not-CBA,https://www.roe45.net/uploads/5/3/4/0/53402097/administrative_rules_combined_feb2021.pdf
683,10472,River Forest SD 90,IL,,teachers,needs-OCR,insufficient_text (0 chars),https://www.district90.org/boe/files/documents/2BoardPacket11-17-14.pdf
689,10779,Saratoga CCSD 60C,IL,,teachers,not-CBA,title=0 body=2 agenda=1 policy=0/0 kw=4 -> not-CBA,https://www.iml.org/cms/files/pages/Journal-of-Local-Government-publication-request.pdf
692,10604,Shelbyville CUSD 4,IL,,teachers,not-CBA,title=1 body=0 agenda=0 policy=0/2 kw=4 -> not-CBA,https://core-docs.s3.us-east-1.amazonaws.com/documents/asset/uploaded_file/180/District/4127677/5-190_Teacher_Qualifications.docx.pdf
697,11719,St Anne CHSD 302,IL,,teachers,needs-OCR,insufficient_text (0 chars),https://core-docs.s3.us-east-1.amazonaws.com/documents/asset/uploaded_file/1501/SAGSD/3822630/Substitute_Teacher_Packet.pdf
702,11158,Troy CCSD 30C,IL,,teachers,not-CBA,title=1 body=2 agenda=1 policy=1/7 kw=7 -> not-CBA,https://s3.amazonaws.com/media.guidebook.com/upload/14186/extra/Thurs_11-00am_Trans_IFBAC-Part_1.pdf
704,10594,Villa Grove CUSD 302,IL,,teachers,needs-OCR,insufficient_text (0 chars),https://core-docs.s3.amazonaws.com/documents/asset/uploaded_file/1354046/Sections_5_through_8.pdf
705,10483,Western Springs SD 101,IL,,teachers,not-CBA,title=1 body=1 agenda=1 policy=1/6 kw=2 -> not-CBA,https://cdnsm5-ss14.sharpschool.com/UserFiles/Servers/Server_976073/File/Departments/Superintendent/FOIA/2021-22/may2022/may004-ABCSchoolBusCompany-FOIA.pdf
719,11106,Belleville Area Special Services,IL,,teachers,needs-OCR,insufficient_text (0 chars),https://core-docs.s3.us-east-1.amazonaws.com/documents/asset/uploaded_file/3284/BASSC/3361024/local_6143_contract_23-27_w_MOU_5-7-24.pdf
741,10695,McLean/Dewitt Reg Voc System,IL,,teachers,not-CBA,title=1 body=2 agenda=0 policy=0/2 kw=6 -> not-CBA,https://core-docs.s3.us-east-1.amazonaws.com/documents/asset/uploaded_file/3734/BPS/3714286/RVS_ASA_Website_version__1_.pdf
759,10822,AlWood CUSD 225,IL,,support_staff,needs-OCR,insufficient_text (0 chars),https://drive.google.com/uc?export=download&id=1yYGH77k1LSSAOmxtSLQi6iepv6bcz36t
760,10822,AlWood CUSD 225,IL,,teachers,needs-OCR,insufficient_text (0 chars),https://drive.google.com/uc?export=download&id=1KZW8qjhgUvSqu1xvSXNCOBoNT-KNDGCT
761,10748,Allendale CCSD 17,IL,,teachers,needs-OCR,insufficient_text (0 chars),https://core-docs.s3.us-east-1.amazonaws.com/documents/asset/uploaded_file/2375/allendaleccsdil/4398029/20240530134805873.pdf
762,10652,Ashley CCSD 15,IL,,teachers,needs-OCR,insufficient_text (0 chars),https://drive.google.com/uc?export=download&id=1Q101p3oGAt3vJLnkAPeQhNOeEIWne0FS
765,10858,CUSD 300,IL,,food_service,not-CBA,title=0 body=0 agenda=0 policy=0/0 kw=4 -> not-CBA,https://drive.google.com/uc?export=download&id=1KZbjBaOdAGQZsx7gDlW7wqSZka4jSQAu
766,10858,CUSD 300,IL,,transportation,not-CBA,title=0 body=0 agenda=0 policy=0/0 kw=1 -> not-CBA,https://drive.google.com/uc?export=download&id=1mGZ2YCpFr74YfKuMVLGoO6sqx0YS5Nuk
767,10858,CUSD 300,IL,,administrators,needs-OCR,insufficient_text (22 chars),https://drive.google.com/uc?export=download&id=1WvXboRJ1Mne4ZZl71PGTng7EYbO9Nypb
770,10838,Carbondale CHSD 165,IL,,teachers,needs-OCR,insufficient_text (0 chars),https://www.cchs165.jacksn.k12.il.us/fs/resource-manager/view/dbfec1f6-4fa6-4705-9afd-bdb8967a8f4b
771,11005,Cary CCSD 26,IL,,teachers,needs-OCR,insufficient_text (0 chars),https://drive.google.com/uc?export=download&id=1hs4gHwCoUCeZYPJ2b94OfrPQ-A_Z3w3r
774,10742,Hamilton Co CUSD 10,IL,,support_staff,not-CBA,title=0 body=1 agenda=0 policy=0/0 kw=4 -> not-CBA,https://drive.google.com/uc?export=download&id=1Zb8wG-3GsncMyHtK8tSCq1RR1D24Wv-9
776,10413,Harlem UD 122,IL,,nurses,needs-OCR,insufficient_text (0 chars),https://drive.google.com/uc?export=download&id=1Xe3ZW3TxI-RBYUaK1jV3nNUqdcs4EFZN
777,10413,Harlem UD 122,IL,,transportation,needs-OCR,insufficient_text (0 chars),https://drive.google.com/uc?export=download&id=1kHNyhro3grma6yueGfvbmvpBjRbaoMGR
778,10688,Heyworth CUSD 4,IL,,teachers,needs-OCR,insufficient_text (0 chars),https://drive.google.com/uc?export=download&id=1wRf2bTliiwLdJYI_EisksK-jrbU-VhQV
780,10987,Highland CUSD 5,IL,,teachers,needs-OCR,insufficient_text (0 chars),https://drive.google.com/uc?export=download&id=1s-eZ348xnIVL4dQxyTUMjg2u81WjS0If
782,11014,Huntley Comm Sch Dist 158,IL,,custodial_maintenance,not-CBA,title=0 body=0 agenda=0 policy=0/0 kw=7 -> not-CBA,https://www.huntley158.org/fs/resource-manager/view/c1fc225a-cb6a-429a-90b9-4fbaad7bebf1
783,10486,La Grange SD 105 South,IL,,support_staff,needs-OCR,insufficient_text (0 chars),https://drive.google.com/uc?export=download&id=1YznwqvfCx3fBQ8MV9OY7K1RyIPB8eQ3p
784,10486,La Grange SD 105 South,IL,,teachers,needs-OCR,insufficient_text (0 chars),https://drive.google.com/uc?export=download&id=1WyLJS-GyOHAn5_rZH8XfLSlXDZwv3sLu
785,11951,Ball Chatham CUSD 5,IL,,administrators,needs-OCR,insufficient_text (0 chars),https://core-docs.s3.us-east-1.amazonaws.com/documents/asset/uploaded_file/5701/BCCUSD/5865765/BCEA_MOU_2020.11.20_Working_Conditions__Time_Off__and_Administrative_Leave.pdf
786,11951,Ball Chatham CUSD 5,IL,,teachers,needs-OCR,insufficient_text (0 chars),https://files-backend.assets.thrillshare.com/documents/asset/uploaded_file/5701/Bccusd/2c9cc38a-18e1-415f-9df0-9dc49d5d4d60/BCESPA_MOU_Change_of_Holiday_Observance.pdf?disposition=inline
791,10428,Northbrook SD 28,IL,,administrators,unreadable,unreadable (PDF_CORRUPT_OR_UNREADABLE),https://www.northbrook28.net/about-us/public-information/collective-bargaining-agreement
792,10512,Orland SD 135,IL,,food_service,needs-OCR,insufficient_text (0 chars),https://www.orland135.org/fs/resource-manager/view/3ad66af6-1b6c-4550-822f-0d4110f6948b
794,10478,Riverside SD 96,IL,,support_staff,needs-OCR,insufficient_text (0 chars),https://drive.google.com/uc?export=download&id=1e7HSjTd1r9kSi266lzxxXAyHpeKcdGMv
798,11347,Thornton SD 154,IL,,teachers,needs-OCR,insufficient_text (0 chars),https://drive.google.com/uc?export=download&id=1X90P95OT8pw3BsuqW11n1g2hfqf4f5en
800,10676,Pontiac CCSD 429,IL,,teachers,needs-OCR,insufficient_text (0 chars),https://drive.google.com/uc?export=download&id=1PUtnxHpiAd_mgKhtsoWknFqG7GVY2LNx
801,10492,Proviso Twp HSD 209,IL,,custodial_maintenance,needs-OCR,insufficient_text (0 chars),https://www.pths209.org/fs/resource-manager/view/7047cf35-b59b-49b7-b4fa-63166864d308
805,11613,Gardner CCSD 72C,IL,,teachers,needs-OCR,insufficient_text (0 chars),https://www.ggs72.org/vimages/shared/vnews/stories/60b8d3ac01f00/Section%205%20(PERSONNEL).pdf
830,11065,Elmwood CUSD 322,IL,,teachers,needs-OCR,insufficient_text (0 chars),upload://district-11065/teachers/Elmwood_CBA_2023-26__4.26.23_.pdf
834,10988,Edwardsville CUSD 7,IL,,teachers,needs-OCR,insufficient_text (0 chars),upload://district-10988/teachers/EEA2025-2027Contract.pdf
835,10988,Edwardsville CUSD 7,IL,,custodial_maintenance,needs-OCR,insufficient_text (0 chars),upload://district-10988/custodial_maintenance/ESSPAContract.pdf
836,10988,Edwardsville CUSD 7,IL,,secretarial_clerical,needs-OCR,insufficient_text (0 chars),upload://district-10988/secretarial_clerical/SecretaryContract.pdf
1024,22088,Test District tstrq-1782295580625-879645,IL,,teachers,unreadable,file_not_found,https://example.test/tstrq-1782295580625-879645/good-latest.pdf
1025,22088,Test District tstrq-1782295580625-879645,IL,,teachers,unreadable,file_not_found,https://example.test/tstrq-1782295580625-879645/bad.pdf
1026,22088,Test District tstrq-1782295580625-879645,IL,,teachers,unreadable,file_not_found,https://example.test/tstrq-1782295580625-879645/norun.pdf
1027,22088,Test District tstrq-1782295580625-879645,IL,,teachers,unreadable,file_not_found,https://example.test/tstrq-1782295580625-879645/bulk-ids.pdf
1028,22088,Test District tstrq-1782295580625-879645,IL,,teachers,unreadable,file_not_found,https://example.test/tstrq-1782295580625-879645/bulk-doc.pdf
1031,22090,Test District tstrq-1782297904089-446819,IL,,teachers,unreadable,file_not_found,https://example.test/tstrq-1782297904089-446819/good-latest.pdf
1032,22090,Test District tstrq-1782297904089-446819,IL,,teachers,unreadable,file_not_found,https://example.test/tstrq-1782297904089-446819/bad.pdf
1033,22090,Test District tstrq-1782297904089-446819,IL,,teachers,unreadable,file_not_found,https://example.test/tstrq-1782297904089-446819/norun.pdf
1034,22090,Test District tstrq-1782297904089-446819,IL,,teachers,unreadable,file_not_found,https://example.test/tstrq-1782297904089-446819/bulk-ids.pdf
1035,22090,Test District tstrq-1782297904089-446819,IL,,teachers,unreadable,file_not_found,https://example.test/tstrq-1782297904089-446819/bulk-doc.pdf
1038,22092,Test District tstrq-1782298032087-7226,IL,,teachers,unreadable,file_not_found,https://example.test/tstrq-1782298032087-7226/good-latest.pdf
1039,22092,Test District tstrq-1782298032087-7226,IL,,teachers,unreadable,file_not_found,https://example.test/tstrq-1782298032087-7226/bad.pdf
1040,22092,Test District tstrq-1782298032087-7226,IL,,teachers,unreadable,file_not_found,https://example.test/tstrq-1782298032087-7226/norun.pdf
1041,22092,Test District tstrq-1782298032087-7226,IL,,teachers,unreadable,file_not_found,https://example.test/tstrq-1782298032087-7226/bulk-ids.pdf
1042,22092,Test District tstrq-1782298032087-7226,IL,,teachers,unreadable,file_not_found,https://example.test/tstrq-1782298032087-7226/bulk-doc.pdf
1043,10421,Durand CUSD 322,IL,,teachers,unreadable,file_not_found,upload://tstdoc-1782299381898-882254-ok
1044,10421,Durand CUSD 322,IL,,teachers,unreadable,file_not_found,upload://tstdoc-1782299381898-882254-missing
1045,22094,Test District tstrq-1782299408287-194565,IL,,teachers,unreadable,file_not_found,https://example.test/tstrq-1782299408287-194565/good-latest.pdf
1046,22094,Test District tstrq-1782299408287-194565,IL,,teachers,unreadable,file_not_found,https://example.test/tstrq-1782299408287-194565/bad.pdf
1047,22094,Test District tstrq-1782299408287-194565,IL,,teachers,unreadable,file_not_found,https://example.test/tstrq-1782299408287-194565/norun.pdf
1048,22094,Test District tstrq-1782299408287-194565,IL,,teachers,unreadable,file_not_found,https://example.test/tstrq-1782299408287-194565/bulk-ids.pdf
1049,22094,Test District tstrq-1782299408287-194565,IL,,teachers,unreadable,file_not_found,https://example.test/tstrq-1782299408287-194565/bulk-doc.pdf
1052,22096,Test District tstrq-1782300350785-270495,IL,,teachers,unreadable,file_not_found,https://example.test/tstrq-1782300350785-270495/good-latest.pdf
1053,22096,Test District tstrq-1782300350785-270495,IL,,teachers,unreadable,file_not_found,https://example.test/tstrq-1782300350785-270495/bad.pdf
1054,22096,Test District tstrq-1782300350785-270495,IL,,teachers,unreadable,file_not_found,https://example.test/tstrq-1782300350785-270495/norun.pdf
1055,22096,Test District tstrq-1782300350785-270495,IL,,teachers,unreadable,file_not_found,https://example.test/tstrq-1782300350785-270495/bulk-ids.pdf
1056,22096,Test District tstrq-1782300350785-270495,IL,,teachers,unreadable,file_not_found,https://example.test/tstrq-1782300350785-270495/bulk-doc.pdf
1060,22099,ZZ Unit Test tstunit-1782312037714-630489,IL,,teachers,unreadable,file_not_found,upload://tstunit-1782312037714-630489
1061,22100,ZZ Unit Test tstunit-1782312086035-400101,IL,,teachers,unreadable,file_not_found,upload://tstunit-1782312086035-400101
1074,22107,Test District tstrq-1782321037205-215828,IL,,teachers,unreadable,file_not_found,https://example.test/tstrq-1782321037205-215828/good-latest.pdf
1075,22107,Test District tstrq-1782321037205-215828,IL,,teachers,unreadable,file_not_found,https://example.test/tstrq-1782321037205-215828/bad.pdf
1076,22107,Test District tstrq-1782321037205-215828,IL,,teachers,unreadable,file_not_found,https://example.test/tstrq-1782321037205-215828/norun.pdf
1077,22107,Test District tstrq-1782321037205-215828,IL,,teachers,unreadable,file_not_found,https://example.test/tstrq-1782321037205-215828/bulk-ids.pdf
1078,22107,Test District tstrq-1782321037205-215828,IL,,teachers,unreadable,file_not_found,https://example.test/tstrq-1782321037205-215828/bulk-doc.pdf
1079,22108,ZZ Unit Test tstunit-1782321067429-489547,IL,,teachers,unreadable,file_not_found,upload://tstunit-1782321067429-489547
1080,22109,ZZ Unit Test tstunit-1782322130476-256411,IL,,teachers,unreadable,file_not_found,upload://tstunit-1782322130476-256411
1083,22111,Test District tstrq-1782322196736-466023,IL,,teachers,unreadable,file_not_found,https://example.test/tstrq-1782322196736-466023/good-latest.pdf
1084,22111,Test District tstrq-1782322196736-466023,IL,,teachers,unreadable,file_not_found,https://example.test/tstrq-1782322196736-466023/bad.pdf
1085,22111,Test District tstrq-1782322196736-466023,IL,,teachers,unreadable,file_not_found,https://example.test/tstrq-1782322196736-466023/norun.pdf
1086,22111,Test District tstrq-1782322196736-466023,IL,,teachers,unreadable,file_not_found,https://example.test/tstrq-1782322196736-466023/bulk-ids.pdf
1087,22111,Test District tstrq-1782322196736-466023,IL,,teachers,unreadable,file_not_found,https://example.test/tstrq-1782322196736-466023/bulk-doc.pdf
1088,10732,CUSD 200,IL,,teachers,needs-OCR,insufficient_text (0 chars),https://files-backend.assets.thrillshare.com/documents/asset/uploaded_file/3696/Cusd200/461fa813-c728-4cf6-bb95-355f4238a004/Appendix_B_-_Salary_Grades_-_Beginning_with_th.pdf?disposition=inline
1098,10589,Mattoon CUSD 2,IL,,teachers,unreadable,file_not_found,upload://tstdoc-1782339923325-47816-ok
1099,10589,Mattoon CUSD 2,IL,,teachers,unreadable,file_not_found,upload://tstdoc-1782339923325-47816-missing
1100,22116,Test District tstrq-1782339936421-554733,IL,,teachers,unreadable,file_not_found,https://example.test/tstrq-1782339936421-554733/good-latest.pdf
1101,22116,Test District tstrq-1782339936421-554733,IL,,teachers,unreadable,file_not_found,https://example.test/tstrq-1782339936421-554733/bad.pdf
1102,22116,Test District tstrq-1782339936421-554733,IL,,teachers,unreadable,file_not_found,https://example.test/tstrq-1782339936421-554733/norun.pdf
1103,22116,Test District tstrq-1782339936421-554733,IL,,teachers,unreadable,file_not_found,https://example.test/tstrq-1782339936421-554733/bulk-ids.pdf
1104,22116,Test District tstrq-1782339936421-554733,IL,,teachers,unreadable,file_not_found,https://example.test/tstrq-1782339936421-554733/bulk-doc.pdf
1105,22117,ZZ Unit Test tstunit-1782339949061-64330,IL,,teachers,unreadable,file_not_found,upload://tstunit-1782339949061-64330
